seller_id,name,address,contact
101,Habitant Morbi Tristique Industries,Andhra Pradesh,9985174936
102,Elit Fermentum Limited,Jammu and Kashmir,7078032699
103,Eu Company,Uttar Pradesh,8262438132
104,Eleifend Cras Associates,Uttar Pradesh,9951052822
105,Donec Feugiat Foundation,Madhya Pradesh,9651226174
106,Fringilla Purus Consulting,Karnataka,7274461164
107,Nec Quam Curabitur Consulting,Himachal Pradesh,7578867225
108,Amet Risus Donec Corp.,Haryana,9176652066
109,Tempor Institute,Andhra Pradesh,7819204758
110,Vehicula Inc.,Maharastra,8442373456
111,Nunc LLP,Maharastra,7848336724
112,Eros Nam Consequat PC,Andhra Pradesh,7521850502
113,Risus In Institute,Maharastra,8637502421
114,Aenean Massa Integer Corp.,Uttar Pradesh,8944701221
115,Non Quam Incorporated,Arunachal Pradesh,7024894895
116,Magna Suspendisse Tristique PC,Bihar,8053496658
117,Dui Lectus Company,Uttar Pradesh,8522055801
118,Ante Lectus Corp.,Nagaland,9674254052
119,Eget Odio Industries,Madhya Pradesh,7386852218
120,Molestie Sodales Mauris LLP,Madhya Pradesh,9107073684
121,Lorem Vitae Foundation,Kerala,7793295614
122,Laoreet Ipsum LLP,Jharkhand,9889826443
123,Neque LLP,Uttar Pradesh,8088266296
124,Lorem LLC,Tamil Nadu,8963962512
125,Dolor Ltd,Andhra Pradesh,9556818247
126,Quis Pede Praesent Incorporated,Andhra Pradesh,9509749292
127,Sed Eu Nibh LLP,Chhattisgarh,8086480292
128,Tellus Justo Sit Inc.,Uttar Pradesh,7803286132
129,Turpis Associates,Rajasthan,9742515449
130,Tristique Inc.,Assam,8381003682
131,Arcu Ac LLP,Bihar,7653750385
132,Lectus Pede Limited,West Bengal,8858916052
133,Lorem Lorem Luctus Foundation,Jharkhand,8461491635
134,Sem LLP,Gujarat,7761546934
135,Mus Industries,Maharastra,8992465437
136,Nulla Dignissim Ltd,Maharastra,7395696184
137,Amet Incorporated,Uttar Pradesh,8081073315
138,Semper Limited,West Bengal,8353001469
139,Urna Nec Inc.,Haryana,9786821611
140,Egestas Ligula Nullam Ltd,Punjab,8112473662
141,Nascetur Ridiculus Limited,Uttar Pradesh,9298932983
142,Urna Convallis PC,Maharastra,7767435549
143,Sed Corporation,Rajasthan,7790068472
144,Morbi Ltd,Odisha,8703405560
145,Tempor LLP,Maharastra,9246269129
146,Nibh Aliquam Company,Karnataka,8609657000
147,Leo In Lobortis Institute,Punjab,8782588512
148,Nec Mollis Vitae Ltd,Bihar,7123043796
149,Nisl Arcu Iaculis LLP,Bihar,8990393708
150,Ornare Libero At Corp.,Andhra Pradesh,7435428931
