user,name,email,contact,address,wallet_id
10001,Anjali Dutta,anjali.dutta@gmail.com,8950970387,"P.O. Box 483, 6078 Non St., Uttar Pradesh",1000051
10002,Amit Malhotra,amit.malhotra@yahoo.co.in,9353021010,"P.O. Box 821, 3961 Cras St., Maharastra",1000052
10003,Rakesh Sara,rakesh_sara@yahoo.co.in,8205839450,"258-8195 Diam Avenue, West Bengal",1000053
10004,Aaditya Rastogi,aaditya.rastogi@hotmail.com,8531147962,"9172 Sed Road, Rajasthan",1000054
10005,Shivani Nara,shivani.nara@hotmail.com,8911718939,"Ap #717-1966 Eu Rd., Andhra Pradesh",1000055
10006,Kunal Sandeep,kunal.sandeep@gmail.com,8356895786,"382-1522 Non St., Chhattisgarh",1000056
10007,Suhani Soni,suhani.soni@gmail.com,7814076384,"7411 Ullamcorper St., West Bengal",1000057
10008,Tanya Kapoor,tanya.kapoor@gmail.com,7095874745,"P.O. Box 250, 6637 Lorem, Street, Bihar",1000058
10009,Pavithra Naran,pavithra.naran@gmail.com,8617093522,"P.O. Box 600, 758 Praesent Av., Maharastra",1000059
10010,Aastha Jai,aastha_jai@gmail.com,7388039365,"4144 Ipsum. Avenue, Maharastra",1000060
10011,Abhishek Neelam,abhishek.neelam@daiict.ac.in,8494068067,"P.O. Box 781, 6966 Arcu St., Gujarat",1000061
10012,Anusha Raji,anusha.raji@hotmail.com,9329048764,"723-9887 Etiam Ave, Tamil Nadu",1000062
10013,Sakshi Shan,sakshi.shan@hotmail.com,9012715663,"728-8900 Urna Rd., Andhra Pradesh",1000063
10014,Nitin Raje,nitin.raje@hotmail.com,7312210463,"Ap #227-4110 Arcu Road, Gujarat",1000064
10015,Rohit Verma,rohit_verma@yahoo.co.in,9314029273,"Ap #519-2549 Urna, Street, Chhattisgarh",1000065
10016,Pranav Tyagi,pranav.tyagi@yahoo.co.in,7250040958,"Ap #862-9963 Lorem Road, Uttar Pradesh",1000066
10017,Kumar Jana,kumar_jana@hotmail.com,8902233265,"Ap #403-4009 Vestibulum St., Maharastra",1000067
10018,Yash Lata,yash_lata@gmail.com,7736311753,"P.O. Box 993, 9331 Auctor Street, West Bengal",1000068
10019,Aswini Neela,aswini.neela@daiict.ac.in,7099978076,"8925 Sem Road, Tamil Nadu",1000069
10020,Amit Raman,amit.raman@hotmail.com,9697009251,"147-4416 Urna. Rd., Tamil Nadu",1000070
10021,Rohit Jindal,rohit.jindal@gmail.com,9503383449,"520-7421 Ligula St., Chhattisgarh",1000071
10022,Nitin Shan,nitin.shan@yahoo.co.in,9961885756,"Ap #483-5715 Odio, Avenue, Odisha",1000072
10023,Raj Madan,raj.madan@yahoo.co.in,8649162940,"195-9315 Molestie Rd., Bihar",1000073
10024,Mary Sahni,mary.sahni@yahoo.co.in,7309462777,"P.O. Box 456, 5105 Ac Rd., Assam",1000074
10025,Riya Suri,riya_suri@hotmail.com,9428563865,"7670 Rutrum, Av., Bihar",1000075
10026,Ramya Nara,ramya.nara@hotmail.com,9343111607,"P.O. Box 197, 5556 Et, St., Madhya Pradesh",1000076
10027,Rahul Nara,rahul_nara@hotmail.com,7120923209,"5812 Ut Av., Uttar Pradesh",1000077
10028,Anusha Rastogi,anusha_rastogi@gmail.com,8963724038,"Ap #249-9623 Non Av., Madhya Pradesh",1000078
10029,Aastha Tyagi,aastha_tyagi@yahoo.co.in,9313899105,"Ap #767-8258 Elit, Rd., Andhra Pradesh",1000079
10030,Kumar Sahni,kumar_sahni@hotmail.com,7789322485,"P.O. Box 843, 7555 Lacinia Avenue, Andhra Pradesh",1000080
10031,Nitin Chauhan,nitin_chauhan@yahoo.co.in,9208029344,"4056 Malesuada Ave, Rajasthan",1000081
10032,Amit Lalit,amit.lalit@gmail.com,8898509843,"Ap #534-2032 Ligula Road, Andhra Pradesh",1000082
10033,Shyam Goel,shyam_goel@yahoo.co.in,7193764658,"Ap #695-5600 Diam Street, Karnataka",1000083
10034,Aaditya Roy,aaditya.roy@hotmail.com,7778277141,"P.O. Box 682, 2522 Amet, Road, West Bengal",1000084
10035,Radhika Muthu,radhika_muthu@yahoo.co.in,8797926920,"P.O. Box 967, 7600 Semper St., Maharastra",1000085
10036,Sam Suri,sam.suri@gmail.com,7708100650,"Ap #285-8142 Morbi St., Uttar Pradesh",1000086
10037,Shyam Chauhan,shyam.chauhan@daiict.ac.in,7278740672,"Ap #814-3734 Mauris Rd., Karnataka",1000087
10038,Priya Madan,priya_madan@gmail.com,9660358336,"Ap #997-7972 Sagittis St., Odisha",1000088
10039,Tanu Joshi,tanu_joshi@gmail.com,8038350201,"7687 Eget Road, Uttar Pradesh",1000089
10040,Radhika Pal,radhika_pal@yahoo.co.in,7350910699,"990-826 Augue Av., Rajasthan",1000090
10041,Soham Srini,soham.srini@yahoo.co.in,7883353997,"213-1307 Nunc Road, Tamil Nadu",1000091
10042,Nitin Shan,nitin.shan@yahoo.co.in,8660082573,"501-921 Non, Ave, Madhya Pradesh",1000092
10043,Divya Sehgal,divya_sehgal@hotmail.com,9466968735,"714 Nunc Street, Uttar Pradesh",1000093
10044,Divya Dhawan,divya.dhawan@gmail.com,9088868602,"Ap #131-704 Fusce Road, Kerala",1000094
10045,Neha Sehgal,neha_sehgal@hotmail.com,9974472914,"508 Laoreet Ave, Odisha",1000095
10046,Ashish Malik,ashish_malik@hotmail.com,7936410891,"Ap #267-4208 Augue. Street, Uttar Pradesh",1000096
10047,Ankit Roy,ankit.roy@daiict.ac.in,7411392765,"8976 Diam. Rd., Madhya Pradesh",1000097
10048,Tanvi Krishnamurthy,tanvi_krishnamurthy@yahoo.co.in,8533379457,"Ap #400-2973 Dolor, Av., Chhattisgarh",1000098
10049,Deepak Nita,deepak_nita@yahoo.co.in,9378971419,"147-4970 Elit St., Maharastra",1000099
10050,Sanjana Samuel,sanjana.samuel@hotmail.com,9695227004,"Ap #507-1980 At, Rd., Delhi",1000100
10051,Abhishek Ganesh,abhishek_ganesh@daiict.ac.in,9712847116,"Ap #503-3701 Risus St., Bihar",1000101
10052,Natasha Tyagi,natasha_tyagi@gmail.com,7269668379,"3144 Non Avenue, Madhya Pradesh",1000102
10053,Leah Raje,leah.raje@daiict.ac.in,7791229921,"Ap #429-8463 Congue, Rd., Assam",1000103
10054,Ishita Saxena,ishita.saxena@yahoo.co.in,9736932393,"7238 Dolor Rd., Karnataka",1000104
10055,Naveen Tyagi,naveen_tyagi@yahoo.co.in,7280738679,"6093 Tincidunt, Ave, Karnataka",1000105
10056,Amit Ranga,amit_ranga@gmail.com,8890500675,"2962 Molestie Rd., Uttar Pradesh",1000106
10057,Priyanka Samuel,priyanka_samuel@yahoo.co.in,9714799565,"Ap #151-6348 Donec St., Odisha",1000107
10058,Sakshi Kapoor,sakshi_kapoor@daiict.ac.in,8638175788,"852-4089 Mi St., Madhya Pradesh",1000108
10059,Riya Ganesh,riya_ganesh@hotmail.com,7494256313,"216 Aliquam Rd., Punjab",1000109
10060,Diya Engineer,diya.engineer@hotmail.com,7913346014,"P.O. Box 180, 9373 Mattis Ave, Maharastra",1000110
10061,Shreya Patel,shreya.patel@gmail.com,9676826464,"Ap #384-2353 Libero Avenue, Odisha",1000111
10062,Rahul Srivastava,rahul.srivastava@daiict.ac.in,9991961219,"2726 Lacus. Road, Bihar",1000112
10063,Raj Chandrasekar,raj.chandrasekar@hotmail.com,9655814265,"758-3284 Consequat Street, Maharastra",1000113
10064,Naveen Nirmal,naveen.nirmal@gmail.com,9425166403,"Ap #963-2097 Metus Street, Odisha",1000114
10065,Naveen Nita,naveen_nita@hotmail.com,8668378127,"344-6681 Phasellus Rd., Uttar Pradesh",1000115
10066,Divya Persaud,divya.persaud@hotmail.com,7481294402,"Ap #302-654 Magna. Av., Tamil Nadu",1000116
10067,Vinay Ranga,vinay.ranga@gmail.com,8930821445,"8331 Nibh Av., Uttar Pradesh",1000117
10068,Suhani Kumar,suhani_kumar@gmail.com,7577729261,"P.O. Box 634, 2214 Sapien. Road, Andhra Pradesh",1000118
10069,Mahesh Dutta,mahesh_dutta@daiict.ac.in,9841411161,"P.O. Box 438, 8307 Nullam Street, Tamil Nadu",1000119
10070,Raj Chauhan,raj.chauhan@yahoo.co.in,9834299075,"P.O. Box 425, 420 Et Ave, Rajasthan",1000120
10071,Shyam Rana,shyam_rana@yahoo.co.in,7817953903,"220-6398 Vulputate Avenue, Andhra Pradesh",1000121
10072,Diya Mati,diya_mati@yahoo.co.in,7711326082,"6733 Molestie Av., Madhya Pradesh",1000122
10073,Vishal Subram,vishal.subram@gmail.com,8801940261,"Ap #926-8230 Vehicula Rd., Jharkhand",1000123
10074,Priya Swami,priya.swami@daiict.ac.in,9062259863,"P.O. Box 894, 137 A Street, Tamil Nadu",1000124
10075,Yash Samuel,yash.samuel@daiict.ac.in,8120188009,"Ap #766-4033 Lorem St., Rajasthan",1000125
10076,Mayank Subram,mayank_subram@daiict.ac.in,7301903994,"3286 Facilisis Ave, Assam",1000126
10077,Tanvi Muthu,tanvi.muthu@gmail.com,7667990303,"P.O. Box 418, 2914 Et St., Maharastra",1000127
10078,Ankur Sai,ankur_sai@daiict.ac.in,7736163661,"5538 Sodales Av., West Bengal",1000128
10079,Rakesh Srivastav,rakesh_srivastav@gmail.com,8515044967,"2423 Eleifend St., Andhra Pradesh",1000129
10080,Pranav Anand,pranav_anand@hotmail.com,9076756384,"P.O. Box 126, 9043 Convallis Street, Rajasthan",1000130
10081,Shivangi Rai,shivangi.rai@gmail.com,8217735560,"475-9903 Dictum St., Tamil Nadu",1000131
10082,Tanya Neela,tanya.neela@gmail.com,7292533515,"296-6457 Sed Street, Uttar Pradesh",1000132
10083,Kalyani Rajan,kalyani_rajan@yahoo.co.in,9733870729,"Ap #494-4422 Phasellus Ave, Karnataka",1000133
10084,Aastha Ranga,aastha_ranga@daiict.ac.in,9915098574,"P.O. Box 551, 4725 Vulputate Rd., West Bengal",1000134
10085,Jay Krishnamurthy,jay.krishnamurthy@yahoo.co.in,7618807931,"P.O. Box 657, 8528 Mauris Street, Madhya Pradesh",1000135
10086,Vikas Pal,vikas.pal@yahoo.co.in,7339983786,"Ap #497-8957 Purus. Road, West Bengal",1000136
10087,Deepak Pawan,deepak.pawan@daiict.ac.in,7646197161,"212-7912 Eu Rd., Bihar",1000137
10088,Naveen Chander,naveen.chander@daiict.ac.in,9353864295,"801-6949 Vitae St., West Bengal",1000138
10089,Isha Puri,isha.puri@yahoo.co.in,8603230502,"Ap #992-7126 Mauris Road, Andhra Pradesh",1000139
10090,Sam Persaud,sam.persaud@daiict.ac.in,9772130861,"8547 Gravida Ave, Arunachal Pradesh",1000140
10091,Radhika Kapoor,radhika.kapoor@hotmail.com,9014874935,"Ap #551-352 Faucibus St., Bihar",1000141
10092,Ramya Saini,ramya.saini@gmail.com,8415150867,"P.O. Box 729, 9777 At, St., West Bengal",1000142
10093,Prateek Verma,prateek_verma@yahoo.co.in,8308506504,"937-6079 Lobortis, Street, Punjab",1000143
10094,Karan Dhawan,karan_dhawan@gmail.com,7095503019,"8373 Eu, Rd., Andhra Pradesh",1000144
10095,Aishwarya Anand,aishwarya_anand@yahoo.co.in,7994835678,"P.O. Box 886, 4518 Amet Avenue, Bihar",1000145
10096,Mayank Lal,mayank.lal@gmail.com,8777345347,"903-7290 A Av., Rajasthan",1000146
10097,Siya Gandhi,siya.gandhi@yahoo.co.in,8063726565,"293-6765 A Rd., Punjab",1000147
10098,Radhika Rajagopal,radhika.rajagopal@daiict.ac.in,7896305457,"616-2827 Lorem Av., West Bengal",1000148
10099,Soham Sethi,soham_sethi@gmail.com,9870073581,"Ap #372-5950 Integer Rd., Maharastra",1000149
10100,Abhishek Narang,abhishek_narang@hotmail.com,7959930188,"8114 Velit Ave, Jharkhand",1000150
