﻿A_id,A_Name
1,J.K. Rowling
2,Bill Bryson
3,Marsha Collier
4,Chris Malta
5,Julia Wilkinson
6,Leo Tolstoy
7,Andy Hunt
8,Robin Waterfield
9,Richard P. Feynman
10,Samuel J. Leffler
11,Frederick P. Brooks Jr.
12,Walter J. Savitch
13,Mark Allen Weiss
14,Robert Sedgewick
15,Kent Beck
16,Robert G. Hagstrom
17,Robert P. Miles
18,Efraim Turban
19,Janet Valade
20,Dave Lakhani
21,Michael L. Perlis
22,Georg Wilhelm Friedrich Hegel
23,Jack Meadows
24,Michio Kaku
25,Kerry Patterson
26,Yunus A. Cengel
27,John Wooden
28,Al Ries
29,Charles Dickens
30,Gustave Flaubert
31,Abigail Adams
32,H.G. Wells
33,Geoffrey Chaucer
34,Frances Hodgson Burnett
35,E.M. Forster
36,Wallace Stegner
37,Graham Greene
38,Christopher Hitchens
39,Herman Melville
40,John Steinbeck
41,Arnold Goldman
42,Jerome K. Jerome
43,Jane Green
44,Adam Mansbach
45,Mark Epstein
46,Amy Krouse Rosenthal
47,David Haynes
48,Debbie Dadey
49,John Steven Gurney
50,Marcia Thornton Jones
51,Jude Watson
52,Harold Abelson
53,Daniel C. Dennett
54,Peter Singer
55,Malcolm Barber
56,Retha M. Warnicke
57,Edward Copeland
58,Immanuel Kant
59,D.H. Lawrence
60,William Shakespeare
61,Quentin Skinner
62,Lucas Carlson
63,Rob Orsini
64,Lavigne
65,Eric A. Meyer
66,Christopher Schmitt
67,David Pogue
68,Andy Hertzfeld
69,Paul Graham
70,Paul DuBois
71,Jeremy D. Zawodny
