﻿ID,First Name,Last Name,Email,Gender,Contact Number,Department
1,Kelan,Dixit,Kelan.Dixit@gmail.com,Female,9954146237,Civil
2,Pranil,Dixit,Pranil.Dixit@gmail.com,Female,9343295088,Civil
3,Vanhi,Banerjee,Vanhi.Banerjee@gmail.com,Female,9013272267,Computer Science
4,Salal,Dixit,Salal.Dixit@gmail.com,Female,9694014487,Civil
5,Gurpreet,Agarwal,Gurpreet.Agarwal@gmail.com,Male,9739012893,Electrical
6,Pranil,Shah,Pranil.Shah@gmail.com,Male,9815683606,Mechanical
7,Kalpaka,Shah,Kalpaka.Shah@gmail.com,Male,9729150151,Electrical
8,Ripujeet,Agarwal,Ripujeet.Agarwal@gmail.com,Male,9821865139,Mechanical
9,Kanak,Shah,Kanak.Shah@gmail.com,Male,9904597836,Computer Science
10,Roshan,Mehta,Roshan.Mehta@gmail.com,Female,9069850828,Mechanical
11,Bakul,Bakshi,Bakul.Bakshi@gmail.com,Male,9179895349,Mechanical
12,Satya,Shah,Satya.Shah@gmail.com,Male,9511151629,Computer Science
13,Ishu,Agarwal,Ishu.Agarwal@gmail.com,Female,9962362409,Civil
14,Meher,Singh,Meher.Singh@gmail.com,Female,9100645137,Electrical
15,Tahleem,Gupta,Tahleem.Gupta@gmail.com,Female,9380446953,Mechanical
16,Prakriti,Agarwal,Prakriti.Agarwal@gmail.com,Female,9837204726,Electrical
17,Kanak,Sharma,Kanak.Sharma@gmail.com,Female,9554963330,Electrical
18,Tirath,Agarwal,Tirath.Agarwal@gmail.com,Female,9884112558,Mechanical
19,Tejal,Kaur,Tejal.Kaur@gmail.com,Male,9183426169,Computer Science
20,Shubha,Ahuja,Shubha.Ahuja@gmail.com,Male,9094641935,Mechanical
21,Vishva,Singh,Vishva.Singh@gmail.com,Female,9082259889,Mechanical
22,Shaiju,Grover,Shaiju.Grover@gmail.com,Male,9013731929,Civil
23,Punit,Garg,Punit.Garg@gmail.com,Male,9537431919,Civil
24,Madhur,Kashyap,Madhur.Kashyap@gmail.com,Female,9903860099,Computer Science
25,Ishu,Chauhan,Ishu.Chauhan@gmail.com,Male,9949634984,Mechanical
26,Supreeta,Malhotra,Supreeta.Malhotra@gmail.com,Male,9616510029,Electrical
27,Kunjal,Kashyap,Kunjal.Kashyap@gmail.com,Male,9470222200,Mechanical
28,Smital,Jain,Smital.Jain@gmail.com,Female,9376735309,Electrical
29,Namya,Purohit,Namya.Purohit@gmail.com,Male,9289637824,Civil
30,Rusham,Singh,Rusham.Singh@gmail.com,Female,9775379990,Computer Science
31,Suman,Kaur,Suman.Kaur@gmail.com,Male,9310126464,Civil
32,Nirmal,Mehta,Nirmal.Mehta@gmail.com,Female,9103861185,Electrical
33,Satya,Kaur,Satya.Kaur@gmail.com,Male,9572902036,Computer Science
34,Gurpreet,Chauhan,Gurpreet.Chauhan@gmail.com,Female,9507364600,Mechanical
35,Panna,Ahuja,Panna.Ahuja@gmail.com,Female,9426198848,Civil
36,Kaivalya,Ahuja,Kaivalya.Ahuja@gmail.com,Male,9590603347,Computer Science
37,Lazim,Jain,Lazim.Jain@gmail.com,Female,9639658461,Computer Science
38,Girisha,Agarwal,Girisha.Agarwal@gmail.com,Male,9979911399,Civil
39,Kunjal,Patel,Kunjal.Patel@gmail.com,Male,9475227820,Mechanical
40,Rajul,Kaur,Rajul.Kaur@gmail.com,Male,9519889452,Civil
41,Sheetal,Kashyap,Sheetal.Kashyap@gmail.com,Male,9102278346,Electrical
42,Nirmal,Sharma,Nirmal.Sharma@gmail.com,Male,9337242816,Civil
43,Pakkiri,Shah,Pakkiri.Shah@gmail.com,Male,9669691956,Electrical
44,Iksha,Gupta,Iksha.Gupta@gmail.com,Female,9177744674,Civil
45,Roshan,Verma,Roshan.Verma@gmail.com,Male,9137340920,Computer Science
46,Nibras,Jain,Nibras.Jain@gmail.com,Male,9618386600,Computer Science
47,Kalpaka,Chawla,Kalpaka.Chawla@gmail.com,Female,9867783305,Civil
48,Chandan,Saxena,Chandan.Saxena@gmail.com,Female,9376415287,Computer Science
49,Shubha,Batra,Shubha.Batra@gmail.com,Female,9755257628,Electrical
50,Raman,Shah,Raman.Shah@gmail.com,Female,9398415072,Civil
51,Keva,Singh,Keva.Singh@gmail.com,Male,9376722850,Electrical
52,Prasha,Grover,Prasha.Grover@gmail.com,Male,9462352057,Mechanical
53,Zayb,Batra,Zayb.Batra@gmail.com,Female,9778268144,Civil
54,Rut,Jain,Rut.Jain@gmail.com,Male,9244914053,Civil
55,Shaiju,Malhotra,Shaiju.Malhotra@gmail.com,Female,9180189206,Electrical
56,Jhankar,Joshi,Jhankar.Joshi@gmail.com,Male,9247260401,Electrical
57,Kavin,Dixit,Kavin.Dixit@gmail.com,Male,9405769610,Mechanical
58,Shannon,Garg,Shannon.Garg@gmail.com,Female,9233168933,Computer Science
59,Manvi,Verma,Manvi.Verma@gmail.com,Female,9356064370,Electrical
60,Para,Purohit,Para.Purohit@gmail.com,Male,9363446823,Mechanical
61,Vibhuti,Garg,Vibhuti.Garg@gmail.com,Female,9120283854,Civil
62,Shyamal,Joshi,Shyamal.Joshi@gmail.com,Female,9040093764,Electrical
63,Livjyot,Purohit,Livjyot.Purohit@gmail.com,Female,9278278729,Mechanical
64,Surya,Agarwal,Surya.Agarwal@gmail.com,Male,9538044180,Mechanical
65,Ekampreet,Mehta,Ekampreet.Mehta@gmail.com,Female,9725717826,Computer Science
66,Gulzar,Saxena,Gulzar.Saxena@gmail.com,Female,9785091917,Civil
67,Hem,Sharma,Hem.Sharma@gmail.com,Male,9656585761,Computer Science
68,Satya,Chauhan,Satya.Chauhan@gmail.com,Male,9003203906,Mechanical
69,Prasha,Chowdhury,Prasha.Chowdhury@gmail.com,Male,9677928781,Electrical
70,Druva,Kashyap,Druva.Kashyap@gmail.com,Female,9414630816,Mechanical
71,Pruthvi,Agarwal,Pruthvi.Agarwal@gmail.com,Male,9341372381,Civil
72,Iksha,Bakshi,Iksha.Bakshi@gmail.com,Male,9239698312,Electrical
73,Roshan,Banerjee,Roshan.Banerjee@gmail.com,Male,9893454097,Mechanical
74,Priyan,Batra,Priyan.Batra@gmail.com,Male,9875330642,Computer Science
75,Kathinya,Chawla,Kathinya.Chawla@gmail.com,Female,9860606879,Electrical
76,Sheetal,Batra,Sheetal.Batra@gmail.com,Female,9605051811,Computer Science
77,Vibhuti,Sharma,Vibhuti.Sharma@gmail.com,Female,9097118207,Computer Science
78,Lalan,Kashyap,Lalan.Kashyap@gmail.com,Male,9404974029,Mechanical
79,Nibras,Bakshi,Nibras.Bakshi@gmail.com,Male,9602253234,Mechanical
80,Taru,Sharma,Taru.Sharma@gmail.com,Male,9544809428,Civil
81,Raman,Ahuja,Raman.Ahuja@gmail.com,Male,9367796569,Mechanical
82,Dalbir,Singh,Dalbir.Singh@gmail.com,Female,9131821740,Computer Science
83,Khurshid,Chawla,Khurshid.Chawla@gmail.com,Female,9082169351,Electrical
84,Geet,Goel,Geet.Goel@gmail.com,Male,9039168693,Electrical
85,Ripujeet,Chawla,Ripujeet.Chawla@gmail.com,Female,9145120381,Civil
86,Kranti,Mehta,Kranti.Mehta@gmail.com,Female,9271724040,Computer Science
87,Kuntal,Ahuja,Kuntal.Ahuja@gmail.com,Female,9294524729,Civil
88,Surya,Saxena,Surya.Saxena@gmail.com,Male,9548171747,Computer Science
89,Shamshad,Chauhan,Shamshad.Chauhan@gmail.com,Male,9935680061,Civil
90,Ina,Ahuja,Ina.Ahuja@gmail.com,Male,9389275892,Electrical
91,Manvi,Saxena,Manvi.Saxena@gmail.com,Male,9793359406,Electrical
92,Utkarsha,Kashyap,Utkarsha.Kashyap@gmail.com,Female,9802911678,Mechanical
93,Ishu,Agarwal,Ishu.Agarwal@gmail.com,Female,9745800111,Civil
94,Satyaki,Singh,Satyaki.Singh@gmail.com,Female,9671142152,Mechanical
95,Riaan,Patel,Riaan.Patel@gmail.com,Female,9837836423,Mechanical
96,Kavin,Sharma,Kavin.Sharma@gmail.com,Male,9855944294,Mechanical
97,Riaan,Patel,Riaan.Patel@gmail.com,Female,9435469768,Civil
98,Deepal,Malhotra,Deepal.Malhotra@gmail.com,Female,9096125871,Civil
99,Livjyot,Ahuja,Livjyot.Ahuja@gmail.com,Male,9452662083,Mechanical
100,Ripujeet,Joshi,Ripujeet.Joshi@gmail.com,Female,9032092189,Mechanical
