product_id,product_name,price,category
201,OnePlus 8,42000,1001
202,OnePlus 8 Pro,55000,1001
203,OnePlus Nord,28000,1001
204,Redmi 8,8000,1001
205,Redmi Note 8,13000,1001
206,Redmi Note 8 Pro,16000,1001
207,Realme 6,13000,1001
208,Realme 6 Pro,18000,1001
209,Jio Phone,2500,1002
210,Nokia 3110,2000,1002
211,HP Pavilion 15001 SSD,65000,1003
212,HP Pavilion 15001 HDD,62000,1003
213,Acer Aspire 7 8GB,55000,1003
214,Acer Inspire 15 4GB,40000,1003
215,Asus TUF Gaming,50000,1003
216,Intel i5 - 9500U,20000,1004
217,AMD Ryzen 5 - 4600H,18000,1004
218,Nvidia GeForce 1050,14000,1004
219,Circle Keyboard,1500,1004
220,HP Mouse,800,1004
221,AMD Radeon 10,10000,1004
222,OnePlus TV 32 inch,14000,1005
223,Redmi TV 50 inch,40000,1005
224,Godrej 3122 Washing Machine,20000,1005
225,Sony Stereo Speakers 5.1 Ch.,22000,1005
226,Bajaj Iron,2500,1005
227,Bajaj Geyser,4500,1005
228,Whirlpool single door refrigerator,20000,1005
229,Whirlpool double door refrigerator,30000,1005
230,Allen Solly Shirt ,1200,1006
231,Arrow Shirt,1500,1006
232,PE Tshirt,800,1006
233,Wrangler Denims,2000,1006
234,Red tape Office Shoes,1800,1006
235,Nike Sports Shoes,4500,1006
236,Lee Cooper Formal Trousers,2500,1006
237,H&M Dress,1600,1007
238,Zara Shoes,5000,1007
239,XYZ Fabrics Saree,1300,1007
240,Baby Suit,500,1008
241,Kid's Shoes (2-4 years),700,1008
242,Jump Suit,500,1008
243,Fossil FS 4656 Brown,10500,1009
244,Fastrack IJ-3622,1900,1009
245,Titan Gold ,13000,1009
246,Casio Edifice EB100,9000,1009
247,Fossil Gen 4 Explorist,15000,1010
248,Huami Amazfit 2nd Gen,10000,1010
249,Quartz Wall Clock,600,1011
250,Ganesh Idol Small,300,1011
251,Fengshui,99,1011
252,Toaster,1499,1012
253,Set of 12 spoons,129,1012
254,Dinner Set,1400,1012
255,Maggi 12 pack,150,1013
256,Daawat Basmati 10kg,1000,1013
257,Aashirwad Aata,700,1013
258,Lakme Pink Lipstick,2500,1014
259,Colossal Kohl,1500,1014
260,Park Avenue Good Morning Deo,149,1014
261,Bath and Body Works - Lavender,999,1014
262,MRF Bat (Size 6),800,1015
263,Badminton Shuttle Cocks (Pack of 12),600,1015
264,Cosco Football,700,1015
265,The Legend of Zoro,119,1016
266,Ramayana,229,1016
267,Sacred Games,399,1016
268,Modern Art Painting,500,1017
269,Majnu Bhai's Horse and Donkey,50000,1017
270,Handmade Pen Holder,129,1017
