1|Light Sensor|luminous flux per unit area, Measures outer light, below 1 is night light |1
2|Indoor Temperature Sensor|Records Inside vehicle temperature in Degree Celsius|1
3|Outdoor Temperature Sensor|Records temperature of outer surroundings of a vehicle in Degree Celsius|1
4|Fuel Level|Check fuel level in Liters or KG or Remaining Battery Power|10
5|Water Level|Check water level of in Coolant in Liters|1
6|Coolant Water Temperature|Coolant Water Temperature in Degree Celsius |1
7|Vehicle Speed|Shows Vehicle speed in KM/hour|100
8|Wheel RPM|Rotations per Minute|1000
9|AC Sensor|Indicates the AC is on or off, 1 means on or 0 means off.|1
10|Tire Pressure Sensor|Reads Tire pressures in pounds per square inch (psi)|1
11|GPS|Records location of a vehicle|10
