patient_id|pname|age|gender|state
1|Rita|10|female|Karnataka
2|Chava|22|female|Punjab
3|Sairu|75|male|Tamil Nadu
4|Krishna|77|male|Bihar
5|Aadhya|18|female|Tamil Nadu
6|Shradha|39|female|Rajasthan
7|Chitra|78|female|Bihar
8|Kavya|38|female|Gujarat
9|Rajesh|14|male|Karnataka
10|Mayur|45|male|Uttar Pradesh
11|Chava|63|female|Uttar Pradesh
12|Mishel|50|female|Karnataka
13|Rohan|33|male|Kerala
14|Sudhu|67|female|Odisha
15|Roshel|45|female|Goa
16|Ziva|48|male|Nagaland
17|Sapna|61|female|Bihar
18|Ganesh|12|male|Andhra Pradesh
19|Rahul|51|male|West Bengal
20|Kiran|50|male|Madhya Pradesh
21|Irfan|69|male|Nagaland
22|Radhika|69|female|Madhya Pradesh
23|Omar|44|male|Karnataka
24|Abhilahsa|72|female|Haryana
25|Arti|28|male|Odisha
26|Shivam|32|male|Uttar Pradesh
27|Chetan|57|male|Uttar Pradesh
28|Akeem|11|male|Uttar Pradesh
29|Ganesh|20|male|Madhya Pradesh
30|Ryan|74|male|Bihar
31|Shreya|22|female|Tamil Nadu
32|Niraj|66|male|Madhya Pradesh
33|Maria|19|female|Karnataka
34|Rahul|38|male|Andhra Pradesh
35|Chetan|52|male|Tamil Nadu
36|Mishel|70|female|Gujarat
37|Vishal|42|male|Pondicherry
38|Chitra|12|female|Jharkhand
39|Pawan|43|male|Maharastra
40|Brijesh|44|male|Punjab
41|Bhavesh|45|male|West Bengal
42|Radhika|45|female|Delhi
43|Megha|33|female|Gujarat
44|Chetan|69|male|Uttar Pradesh
45|Naina|14|female|Andhra Pradesh
46|Rameez|80|male|Uttar Pradesh
47|Chintan|30|male|West Bengal
48|Siya|32|female|Uttar Pradesh
49|Vishal|71|male|Maharastra
50|Janvi|68|female|West Bengal
