2020001,hdfc bank,delhi,20000000
2020002,icic bank,delhi,10000000
2020003,canada bank,delhi,15000000
2020004,bank of india,delhi,45000000
2020005,bank of baroda,delhi,65000000
2020006,dena bank,delhi,15000000
2020007,axis bank,delhi,45000000
2020008,sbi bank,delhi,75000000
2020009,hdfc bank,mumbai,55000000
2020010,icic bank,mumbai,95000000
2020011,canada bank,mumbai,90000000
2020012,bank of india,mumbai,80000000
2020013,bank of baroda,mumbai,70000000
2020014,dena bank,mumbai,10000000
2020015,axis bank,mumbai,65000000
2020016,sbi bank,mumbai,25000000
2020017,hdfc bank,ahmedabad,20000000
2020018,icic bank,ahmedabad,10000000
2020019,canada bank,ahmedabad,15000000
2020020,bank of india,ahmedabad,45000000
2020021,bank of baroda,ahmedabad,65000000
2020022,dena bank,ahmedabad,15000000
2020023,axis bank,ahmedabad,45000000
2020024,sbi bank,ahmedabad,75000000
2020025,hdfc bank,jaipur,55000000
2020026,icic bank,jaipur,95000000
2020027,canada bank,jaipur,90000000
2020028,bank of india,jaipur,80000000
2020029,bank of baroda,jaipur,70000000
2020030,dena bank,jaipur,10000000
2020031,axis bank,jaipur,65000000
2020032,sbi bank,jaipur,25000000
2020033,hdfc bank,bhopal,20000000
2020034,icic bank,bhopal,10000000
2020035,canada bank,bhopal,15000000
2020036,bank of india,bhopal,45000000
2020037,bank of baroda,bhopal,65000000
2020038,dena bank,bhopal,15000000
2020039,axis bank,bhopal,45000000
2020040,sbi bank,bhopal,75000000
2020041,hdfc bank,banglore,55000000
2020042,icic bank,banglore,95000000
2020043,canada bank,banglore,90000000
2020044,bank of india,banglore,80000000
2020045,bank of baroda,banglore,70000000
2020046,dena bank,banglore,10000000
2020047,axis bank,banglore,65000000
2020048,sbi bank,banglore,25000000
2020049,hdfc bank,kolkata,20000000
2020050,icic bank,kolkata,10000000
2020051,canada bank,kolkata,15000000
2020052,bank of india,kolkata,45000000
2020053,bank of baroda,kolkata,65000000
2020054,dena bank,kolkata,15000000
2020055,axis bank,kolkata,45000000
2020056,sbi bank,kolkata,75000000
2020057,hdfc bank,kota,55000000
2020058,icic bank,kota,95000000
2020059,canada bank,kota,90000000
2020060,bank of india,kota,80000000
2020061,bank of baroda,kota,70000000
2020062,dena bank,kota,10000000
2020063,axis bank,kota,65000000
2020064,sbi bank,kota,25000000
2020065,hdfc bank,chennai,20000000
2020066,icic bank,chennai,10000000
2020067,canada bank,chennai,15000000
2020068,bank of india,chennai,45000000
2020069,bank of baroda,chennai,65000000
2020070,dena bank,chennai,15000000
2020071,axis bank,chennai,45000000
2020072,sbi bank,chennai,75000000
2020073,hdfc bank,ranchi,55000000
2020074,icic bank,ranchi,95000000
2020075,canada bank,ranchi,90000000
2020076,bank of india,ranchi,80000000
2020077,bank of baroda,ranchi,70000000
2020078,dena bank,ranchi,10000000
2020079,axis bank,ranchi,65000000
2020080,sbi bank,ranchi,25000000
