doctor_id|dname|age|gender|contact_no|degree
1|Sanjay|32|male|6970734299|MMBS
2|Mohammad|33|male|8255384139|MMBS
3|Sonali|39|female|9458441529|intern
4|Rajesh|42|male|8483207729|intern
5|Rekha|50|female|3046600589|intern
6|Urja|48|female|8741303529|intern
7|Rina|35|female|6366648969|MMBS
8|Sita|38|female|9048814079|MD
9|Vikas|30|male|6290163859|intern
10|Samson|34|male|2756875309|intern
11|Abhishek|37|male|9750614579|intern
12|Binod|35|male|8573083289|MMBS
13|Sanjay|32|male|7789478899|intern
14|Dinesh|38|male|7785027399|MD
