report_id|type|status|patient_id
CI149|Malaria|+ve|3
RR618|Sugar|+ve|5
FF875|COVID19|-ve|45
WV702|Thyroid|+ve|30
HK971|COVID19|+ve|22
PG199|Malaria|+ve|34
PT974|COVID19|-ve|23
RW917|COVID19|+ve|26
DF919|COVID19|+ve|35
UQ941|Malaria|+ve|22
MC646|COVID19|+ve|40
PT581|COVID19|+ve|43
GG329|Diabetes|+ve|44
YK700|Diabetes|+ve|50
KG473|Diabetes|-ve|46
AD039|COVID19|+ve|2
OK878|COVID19|+ve|46
AR448|Malaria|+ve|23
GX943|Malaria|+ve|40
ID495|Malaria|+ve|50
GL093|Malaria|+ve|47
NG483|Diabetes|+ve|23
EG168|COVID19|+ve|36
HF443|Diabetes|+ve|34
KO440|COVID19|+ve|50
XZ739|COVID19|+ve|19
DI759|Diabetes|+ve|19
DH462|COVID19|+ve|6
VF658|Diabetes|+ve|29
UK411|Diabetes|+ve|38
IG948|COVID19|+ve|15
YJ174|Diabetes|-ve|9
XG680|COVID19|-ve|10
ON871|COVID19|+ve|26
