medicine_name|pv_id|disease|type|no_of_items
HCQ400|K2L29|COVID|tab|10
DOLO650|B0E77|fever|tab|5
DOLO650|K2L29|fever|tab|5
HCQ400|W6V40|COVID|tab|10
TOLEX-DMR|W6V40|cough|syrup|1
HCQ400|Z6G35|COVID|tab|10
DOLO650|U0G84|fever|tab|5
DOLO650|W6V40|fever|tab|5
HCQ400|B0E77|COVID|tab|10
HCQ400|F1G46|COVID|tab|10
DOLO650|D1Q10|fever|tab|5
HCQ400|U0G84|COVID|tab|10
TOLEX-DMR|B0E77|cough|syrup|1
DOLO650|F1G46|fever|tab|5
HCQ400|I0X64|COVID|tab|10
TOLEX-DMR|K2L29|cough|syrup|1
DOLO650|B7C86|fever|tab|5
HCQ400|Z6H97|COVID|tab|10
TOLEX-DMR|F1G46|cough|syrup|1
DOLO650|Y6L38|fever|tab|5
HCQ400|Y6L38|COVID|tab|10
TOLEX-DMR|T6L66|cough|syrup|1
DOLO650|V1G46|fever|tab|5
HCQ400|Y7A41|COVID|tab|10
HCQ400|K0E89|COVID|tab|10
TOLEX-DMR|U6L40|cough|syrup|1
DOLO650|F8A89|fever|tab|5
HCQ400|W0E07|COVID|tab|10
HCQ400|L0O52|COVID|tab|10
DOLO650|W0E07|fever|tab|5
TOLEX-DMR|P3B88|cough|syrup|1
DOLO650|E8D56|fever|tab|5
HCQ400|G1A91|COVID|tab|10
HCQ400|I2J24|COVID|tab|10
