service_id|patient_id|doctor_id|charge_type|amount
BD9695|48|7|doctor_charge|400
RI5070|12|13|doctor_charge|500
BE7303|34||lab_charge|400
MW7912|3|6|doctor_charge|300
TM5190|13|9|doctor_charge|500
WQ2177|3||lab_charge|300
IQ4822|38||lab_charge|400
IE0885|12|6|doctor_charge|500
ZL3573|21|10|doctor_charge|300
TB7242|13|6|doctor_charge|500
TJ1441|49|11|doctor_charge|500
BN1272|40||lab_charge|400
QR9918|20||lab_charge|400
GP8306|23|3|doctor_charge|300
PM4443|36||lab_charge|400
RO2740|50|8|doctor_charge|500
PJ1811|14||lab_charge|400
IA0628|25||room_charge|1000
GW5264|14|13|doctor_charge|300
HR8352|14||room_charge|1000
EY2497|10|14|doctor_charge|700
NQ7694|43||room_charge|1000
DP0413|28|8|doctor_charge|700
IA9358|8|12|doctor_charge|300
VE7097|3||room_charge|1000
JT3406|25|12|doctor_charge|300
UV8670|11||room_charge|1000
HD4038|38||room_charge|1000
TA7246|42|11|doctor_charge|700
EZ8063|48||room_charge|1000
QQ1006|11||room_charge|1000
LS7042|18|4|doctor_charge|300
TG5634|21|4|doctor_charge|700
PK7134|35||room_charge|1000
ST9199|4||room_charge|1000
YC0409|32|13|doctor_charge|700
EV1033|50||room_charge|1000
SO0597|45|2|doctor_charge|700
XB8752|9|12|doctor_charge|300
LW2818|39|14|doctor_charge|300
NJ1557|9|14|doctor_charge|300
NH1143|24|2|doctor_charge|300
ZH3448|27|13|doctor_charge|300
QS3188|8|12|doctor_charge|300
PF2160|15|12|doctor_charge|300
MR8463|6|9|doctor_charge|300
ZI7663|3|9|doctor_charge|300
RE6590|7|14|doctor_charge|300
OJ3530|50|14|doctor_charge|300
OC5062|18|14|doctor_charge|300
OC7084|2|2|doctor_charge|300
GF7287|12|12|doctor_charge|300
AD1298|11|13|doctor_charge|300
WK6672|25|8|doctor_charge|300
ZV7916|23|6|doctor_charge|300
UJ7818|6|3|doctor_charge|300
SH2083|9|7|doctor_charge|300
DY4623|1|14|doctor_charge|300
IK7918|22||lab_charge|400
LT2518|40|14|doctor_charge|300
FQ8404|41|5|doctor_charge|300
NL1364|46||lab_charge|400
EO6461|34||lab_charge|400
AZ5111|23||lab_charge|400
KM9761|34||lab_charge|400
FM3444|11||room_charge|800
KB4981|26||lab_charge|400
AR3329|4||lab_charge|400
RW7007|38||lab_charge|400
