1,jash,jash123@gmail.com,12457896,delhi,22
2,virat,virat123@gmail.com,23698547,delhi,23
3,sachin,sachin123@gmail.com,89652314,delhi,24
4,sehwag,sehwag123@gmail.com,74569841,delhi,25
5,dhoni,dhoni123@gmail.com,45457878,mumbai,32
6,raina,raina123@gmail.com,96365289,mumbai,65
7,yuvraj,yuvraj123@gmail.com,45451236,mumbai,54
8,hardik,hardik123@gmail.com,89898989,mumbai,32
9,deepak,deepak123@gmail.com,47474747,pune,65
10,kunal,kunal123@gmail.com,56565656,pune,12
11,rahul,rahul123@gmail.com,12345678,ahmedabad,13
12,ashwin,ashwin123@gmail.com,23123456,ahmedabad,45
13,zaheer,zaheer123@gmail.com,89789526,jaipur,28
14,gambhir,gambhir123@gmail.com,47856912,jaipur,29
15,ricky,ricky123@gmail.com,47476969,ranchi,77
16,mike,mike123@gmail.com,61595159,ranchi,46
17,david,david123@gmail.com,51545412,gudganv,99
18,smith,smith123@gmail.com,63636363,gudganv,13
19,mckay,mckay123@gmail.com,10201020,kolkata,5
20,tait,tait123@gmail.com,30605487,kolkata,78
21,starc,starc123@gmail.com,90874560,bhopal,65
22,shanebond,shanebond123@gmail.com,58078964,bhopal,44
23,trentbolt,trentbolt123@gmail.com,50401240,baroda,33
24,timsouthee,timsouthee123@gmail.com,50505022,baroda,22
25,mccullum,mccullum123@gmail.com,30205050,chennai,11
26,williamson,williamson123@gmail.com,20121212,chennai,18
27,cook,cook123@gmail.com,78965230,kota,43
28,anderson,anderson123@gmail.com,41020145,kota,10
29,broad,broad123@gmail.com,48624862,banglore,2
30,flintoff,flintoff123@gmail.com,10204456,banglore,64
31,raman ,raman123@gmail.com,10102020,ranchi,12
32,karan,karan123@gmail.com,10103030,ranchi,13
33,vijay,vijay123@gmail.com,10101213,gudganv,54
34,arjun,arjun123@gmail.com,12568912,gudganv,52
35,veer,veer123@gmail.com,99955632,kolkata,15
36,salman,salman123@gmail.com,45451212,kolkata,64
37,amitabh,amitabh123@gmail.com,45451233,bhopal,63
38,john,john123@gmail.com,45123212,bhopal,98
39,varun,varun123@gmail.com,89898552,baroda,87
40,alia,alia123@gmail.com,65653212,baroda,74
41,karishma,karishma123@gmail.com,1202102,chennai,56
42,kartik,kartik123@gmail.com,55005500,chennai,54
43,kriti,kriti123@gmail.com,44520120,kota,21
44,prince,prince123@gmail.com,56560202,kota,23
45,yuvika,yuvika123@gmail.com,56562124,banglore,56
46,raftar,raftar123@gmail.com,65693232,banglore,45
47,neha,neha123@gmail.com,87801234,kota,45
48,ranvijay,ranvijay123@gmail.com,96968748,banglore,45
49,nikhil,nikhil123@gmail.com,15657894,banglore,12
50,gelan,gelan123@gmail.com,55469823,ranchi,12
1,jash,jash123@gmail.com,45632140,ranchi,15
