Passenger_ID,Name,Street,email,mobile,state,age,loyalty_type
194680,Thamarai Ismail,Ap #323-8647 Fusce St.,gravida.Praesent@cursus.ca,+91 6364064591,Odisha,52,Premium
891940,Aslesh Patel,2317 Scelerisque Ave,metus.Aenean@utnulla.edu,+91 8195076917,Kerala,57,Regular
717716,Premal Kumar,213-5061 Libero Street,nisi.Cum@tellus.ca,+91 2339176377,Andhra Pradesh,52,Guest
260691,Navin Patel,715 Purus. Rd.,Nunc@odio.com,+91 8662383755,Tripura,55,Premium
534323,Upendra Jain,"Ap #535-1595 Semper, Rd.",Sed@elitCurabitursed.com,+91 8971008572,Madhya Pradesh,64,Regular
877616,Sarika Patel,"P.O. Box 497, 3953 Phasellus Street",nec@sollicitudinadipiscingligula.edu,+91 0174956506,Manipur,56,Guest
781931,Sumitra Kumar,"P.O. Box 668, 1204 Tincidunt, Road",nibh@blandit.com,+91 3381955489,Himachal Pradesh,41,Premium
232315,Mohin Jain,8732 Arcu. St.,risus@Nulladignissim.co.uk,+91 5046142644,Rajasthan,81,Regular
130616,Priyabrata Kumar,485-1885 Suspendisse Av.,Quisque.fringilla.euismod@lorem.ca,+91 1906837661,West Bengal,44,Guest
466699,Ushakanta Patel,Ap #865-484 Morbi Avenue,ac@interdumenimnon.edu,+91 6514616565,Karnataka,47,Premium
861301,Indumukhi Jain,Ap #194-4350 Porttitor Road,Mauris.nulla.Integer@Intincidunt.edu,+91 4097334280,Uttar Pradesh,68,Regular
758145,Angad Kumar,"P.O. Box 565, 7699 Turpis Rd.",Pellentesque.ut.ipsum@seddui.edu,+91 5096654018,Andhra Pradesh,17,Guest
926778,Jamuna Jain,"P.O. Box 963, 4351 Adipiscing. Ave",semper@dolor.org,+91 4542152657,Andhra Pradesh,57,Premium
501721,Vajrapani Jain,"P.O. Box 816, 4603 Ac St.",et.lacinia.vitae@sitamet.org,+91 6728665254,Maharastra,37,Regular
380748,Anirudhha Khan,"7981 Non, St.",Nullam@enimnislelementum.co.uk,+91 9934817205,Arunachal Pradesh,50,Guest
520054,Kshithi Patel,"Ap #214-5527 Elit, St.",Donec.elementum@sodalespurus.net,+91 7137342079,Madhya Pradesh,54,Premium
283374,Sumedh Khan,3784 Blandit Av.,pede@convallisin.com,+91 3082297752,Bihar,88,Regular
474633,Shakyasinha Jain,"P.O. Box 122, 4446 Rutrum Rd.",libero@lectus.ca,+91 5373571273,Uttar Pradesh,81,Guest
666322,Shashishekhar Raj,9337 Molestie Rd.,lorem.semper.auctor@eu.net,+91 4759707839,Kerala,89,Premium
437614,Jalela Ismail,"645-2476 Pede, Rd.",dui.nec@et.edu,+91 0301184557,Madhya Pradesh,52,Regular
525758,Kaliranjan Ismail,548-7115 Purus. Av.,lobortis.ultrices.Vivamus@Donec.ca,+91 0444492441,West Bengal,21,Guest
940637,Aghat Khan,673-6335 Interdum. St.,a@eget.com,+91 7502901437,Jharkhand,32,Premium
912479,Garati Singh,Ap #518-5165 Et Street,et.libero@estMauriseu.org,+91 4600004041,Gujarat,90,Regular
257881,Chitralekha Jain,730-214 Tincidunt Rd.,a.feugiat@estvitaesodales.net,+91 7434854022,Maharastra,58,Guest
995257,Ahalya Ismail,7116 Egestas St.,Donec.tempor@Fuscealiquam.ca,+91 9439924290,Bihar,75,Premium
286929,Kumkum Kumar,576 Ligula. Av.,magna.sed@estmollis.co.uk,+91 9089245764,Uttar Pradesh,53,Regular
962146,Kaandhal Kumar,389-293 Lorem. Avenue,amet.ornare.lectus@massa.ca,+91 1077593107,Tamil Nadu,10,Guest
265785,Sharadindu Ismail,433-5695 Tristique Street,est.congue.a@tortorNunccommodo.co.uk,+91 8309378540,Andhra Pradesh,51,Premium
917680,Mandana Jain,111-5644 Sollicitudin Avenue,ac@fringillapurus.co.uk,+91 0867943607,Uttar Pradesh,21,Regular
865455,Sajni Kumar,"Ap #395-2883 Ornare, St.",leo.Morbi@mipedenonummy.co.uk,+91 8704937098,Punjab,17,Guest
551186,Vasudha Jain,Ap #550-3210 Dui. Av.,Aliquam.ultrices@duiFusce.edu,+91 5321632813,Assam,57,Premium
400788,Subhadra Singh,"615-7888 Sapien, Street",montes@Etiamimperdiet.co.uk,+91 3682234066,Uttar Pradesh,37,Regular
228639,Vighnesh Ismail,165-6504 Mauris Street,mattis.velit@Nullam.edu,+91 8087095270,Chhattisgarh,67,Guest
444551,Poornachandra Jain,"P.O. Box 416, 6600 Aliquet Rd.",volutpat.nunc.sit@auctorvelit.com,+91 5208159442,Bihar,57,Premium
966996,Ramkumar Patel,723-5723 Arcu St.,vel.venenatis.vel@etrutrum.org,+91 5279385440,Andhra Pradesh,29,Regular
774555,Keshav Singh,Ap #436-5451 Mauris Ave,Quisque.ac.libero@Morbiquisurna.co.uk,+91 4845903487,Bihar,17,Guest
578355,Sadashiva Singh,"290-9507 A, Rd.",Suspendisse.tristique.neque@nec.net,+91 5218265688,Uttar Pradesh,57,Premium
925374,Marichi Singh,331-5777 Posuere Road,urna@inconsectetuer.co.uk,+91 8238512040,Gujarat,37,Regular
822649,Omswaroop Patel,5962 Vitae Av.,ipsum.leo.elementum@pede.net,+91 9626127866,Bihar,55,Guest
915672,Aparijita Kumar,Ap #567-8880 Tellus. Av.,non.sollicitudin@elitpharetra.net,+91 2035333201,Haryana,48,Premium
260044,Reshma Singh,Ap #214-1375 Mollis St.,tempor@gravida.net,+91 4815873764,Tamil Nadu,89,Regular
876822,Vighnesh Raj,Ap #441-3703 Nam St.,diam@lacusAliquam.edu,+91 0233342553,West Bengal,52,Guest
607795,Charusila Jain,6315 Enim. Ave,erat.volutpat.Nulla@Sed.net,+91 7156869854,West Bengal,54,Premium
712263,Subhagya Raj,Ap #507-8351 Molestie Road,eu.arcu.Morbi@anteipsumprimis.ca,+91 5879063050,Uttar Pradesh,88,Regular
967896,Agasti Kumar,5088 Tristique Rd.,ornare.placerat.orci@non.edu,+91 9226240850,Uttar Pradesh,69,Guest
743076,Sashi Kumar,849-9183 Libero. Av.,Lorem.ipsum@Namconsequatdolor.org,+91 8406863760,West Bengal,36,Premium
708583,Shakunt Kumar,Ap #524-4425 Ipsum Ave,nibh.lacinia@dictumcursus.edu,+91 1331655348,Bihar,38,Regular
776819,Thangamani Ismail,Ap #489-6015 Sed Rd.,vitae.posuere.at@ornaretortor.ca,+91 1278154234,Tamil Nadu,46,Guest
781054,Sabita Jain,4029 Fusce Avenue,Donec.at@aceleifendvitae.com,+91 8631131566,Maharastra,72,Premium
701994,Akalpa Jain,Ap #649-7579 Erat Av.,libero.mauris.aliquam@egestasDuisac.net,+91 4101108978,Madhya Pradesh,69,Regular
677570,Jagmohan Kumar,Ap #427-8771 Nibh Rd.,Nunc@nisi.edu,+91 6438573795,West Bengal,69,Guest
129041,Kunal Khan,"P.O. Box 730, 5939 At Av.",vulputate@egetmetuseu.org,+91 0631905492,Rajasthan,62,Premium
797775,Asvika Singh,3050 Ligula. Rd.,consectetuer.rhoncus.Nullam@nisia.com,+91 5181524829,Uttar Pradesh,18,Regular
319792,Nidhyana Singh,Ap #542-4032 Iaculis Av.,diam@Donecsollicitudinadipiscing.org,+91 1844818355,Nagaland,67,Guest
546710,Kundan Singh,"P.O. Box 297, 3914 Tincidunt St.",enim.nec.tempus@purus.edu,+91 3826739872,Uttar Pradesh,34,Premium
576894,Sanjana Ismail,Ap #939-9339 Neque Avenue,in.lobortis@gravidaAliquamtincidunt.com,+91 3907679687,Uttar Pradesh,47,Regular
893029,Chandrima Kumar,Ap #803-2845 Amet Rd.,odio@vestibulumnec.org,+91 7962145347,Uttar Pradesh,78,Guest
190764,Jaladhi Singh,Ap #720-6313 A Av.,nibh@montes.com,+91 9024533821,Uttar Pradesh,14,Premium
572746,Ura Ismail,"744-6234 A, Avenue",ornare.lectus@leoelementumsem.co.uk,+91 6875863691,Bihar,62,Regular
671235,Ilamurugu Ismail,9579 Pellentesque. Avenue,non.bibendum.sed@In.co.uk,+91 7454531802,Uttar Pradesh,18,Guest
792711,Shashishekhar Kumar,Ap #743-8141 Lacinia. Rd.,rhoncus@urna.com,+91 3282737338,Uttar Pradesh,67,Premium
719903,Amiya Patel,Ap #801-5104 Dis Ave,urna@Curabiturconsequat.co.uk,+91 3527038238,Tripura,34,Regular
995850,Prashansa Patel,3222 Consequat Ave,nulla@scelerisque.co.uk,+91 2565158928,Uttar Pradesh,47,Guest
561742,Piyali Jain,"P.O. Box 145, 917 Sapien. Rd.",Praesent.eu.nulla@cursusa.edu,+91 7762585789,Haryana,58,Premium
594745,Pingala Raj,871-4554 Rhoncus. St.,eget@lorem.co.uk,+91 8441854566,Karnataka,26,Regular
631878,Kuntala Ismail,Ap #791-3269 Fusce Road,risus.varius.orci@eliterat.ca,+91 1743802026,Madhya Pradesh,61,Guest
170653,Dayamayee Raj,680-654 Proin Av.,tristique.pellentesque@viverraDonec.org,+91 3153147696,Jammu and Kashmir,50,Premium
685912,Pulin Patel,5820 Libero St.,et@etultricesposuere.org,+91 6458779205,Tamil Nadu,34,Regular
467784,Jayad Kumar,Ap #365-9100 Elit Avenue,enim.Etiam@ac.co.uk,+91 6034399847,Gujarat,47,Guest
588001,Giriraj Patel,"Ap #942-7759 Felis, Road",lectus@interdum.com,+91 4825111094,Haryana,12,Premium
424715,Sudeshna Kumar,188-883 Mauris Av.,sit.amet@ligulaAenean.org,+91 5998322820,Haryana,19,Regular
382210,Ratan Kumar,5989 Malesuada Street,Nulla@seddictumeleifend.com,+91 1000838121,West Bengal,30,Guest
909458,Yash Ismail,Ap #762-5778 Placerat. St.,nunc.sit@semmolestiesodales.edu,+91 6180278728,Bihar,62,Premium
407277,Saket Jain,6436 Ultricies Av.,vulputate@justofaucibus.com,+91 9033134152,Rajasthan,18,Regular
384036,Krishnaroop Ismail,"P.O. Box 917, 2219 Mollis Street",Aliquam.adipiscing.lobortis@Vestibulumaccumsan.co.uk,+91 0460256039,West Bengal,67,Guest
775580,Sukumar Kumar,8669 Libero Road,diam@elitCurabitur.net,+91 8637653060,Gujarat,34,Premium
619591,Purnanada Kumar,Ap #586-623 Elit. St.,augue@nisimagnased.edu,+91 4450406806,Maharastra,47,Regular
229116,Akalka Khan,2994 Hendrerit. Rd.,aliquet.sem.ut@risusIn.org,+91 5030215427,Odisha,30,Guest
178318,Deviprasad Jain,400-9909 Elit. Avenue,non.vestibulum.nec@Nullam.org,+91 1584857491,Andhra Pradesh,89,Premium
577500,Virendra Khan,710-4703 Lectus. St.,dignissim.pharetra.Nam@lacusvestibulumlorem.ca,+91 1576828430,Uttar Pradesh,65,Regular
311753,Pritha Kumar,785-3238 Suspendisse St.,mattis.velit.justo@dolorvitaedolor.com,+91 9106247571,West Bengal,62,Guest
221103,Anagha Patel,331-7955 Lacinia Road,amet@ullamcorperviverra.org,+91 2980405785,Bihar,18,Premium
942322,Shikha Jain,"P.O. Box 901, 3488 Ipsum Road",Suspendisse@dolorFusce.com,+91 9976306824,Gujarat,67,Regular
740333,Sonali Ismail,822-6499 Ultrices. Rd.,ipsum@elit.edu,+91 0245955930,Maharastra,34,Guest
501037,Jayita Patel,"P.O. Box 720, 2494 Mi Road",eu@In.co.uk,+91 2291351455,Uttar Pradesh,47,Premium
999348,Rushil Singh,"P.O. Box 279, 888 In Rd.",consectetuer.rhoncus.Nullam@arcuvelquam.com,+91 3491713436,Tamil Nadu,62,Regular
313969,Shubhendu Raj,Ap #322-8725 Nunc St.,mollis.lectus.pede@ametornarelectus.net,+91 7430405335,Uttar Pradesh,18,Guest
404658,Moksha Jain,"P.O. Box 830, 1523 Quisque Street",lectus.ante.dictum@maurisblandit.net,+91 7995807400,Gujarat,67,Premium
224708,Arokya Khan,Ap #364-4417 Aliquam Rd.,sit@euismodenim.ca,+91 8590215171,Uttar Pradesh,34,Regular
409388,Shagufta Jain,6646 Mauris Avenue,facilisis@ipsum.org,+91 8161201882,Punjab,47,Guest
992547,Gurdayal Raj,733-9425 Lacus. Avenue,odio@sagittisDuis.ca,+91 5558333287,Odisha,70,Premium
451276,Trilochana Raj,"P.O. Box 759, 7418 Dolor. Avenue",venenatis.a.magna@dictumcursusNunc.ca,+91 4746567525,Uttar Pradesh,40,Regular
263454,Kapalini Ismail,601-3831 Volutpat. St.,mi@cursusIntegermollis.edu,+91 1356653512,Jammu and Kashmir,55,Guest
966801,Madhuri Khan,Ap #937-7379 Ligula. Av.,felis.orci@euismod.edu,+91 6084623352,Haryana,20,Premium
988035,Shampa Singh,"P.O. Box 415, 2386 Nibh St.",amet.metus.Aliquam@mitemporlorem.edu,+91 8520659829,Bihar,85,Regular
639850,Dhavalachandra Patel,7966 Vestibulum St.,quis@nullaIn.net,+91 2302047441,Uttar Pradesh,12,Guest
749948,Ujas Raj,933-6100 Dignissim Av.,rutrum.eu@euodio.edu,+91 5195327686,Kerala,84,Premium
996806,Kailashnath Khan,"P.O. Box 659, 2562 Quisque Rd.",parturient.montes@erat.org,+91 7905767046,Jharkhand,52,Regular
726765,Tathagata Raj,6515 Duis Ave,odio@dolorelitpellentesque.org,+91 2069442763,Andhra Pradesh,40,Guest
387335,Shravasti Raj,Ap #319-6111 Donec St.,tellus.Phasellus.elit@netuset.com,+91 4616399451,West Bengal,85,Premium
209906,Parvatinandan Ismail,"P.O. Box 617, 4511 Elit St.",metus@Curabiturut.co.uk,+91 9028194170,Andhra Pradesh,50,Premium
243283,Dushyanta Raj,"P.O. Box 286, 686 Nibh. Avenue",lacus@necmetusfacilisis.ca,+91 0665637259,Madhya Pradesh,77,Regular
493338,Sumanolata Patel,Ap #416-2667 Augue Avenue,egestas.Duis@non.co.uk,+91 9629034484,Uttar Pradesh,64,Guest
284530,Nikhat Raj,2774 Maecenas St.,massa.lobortis.ultrices@orciUtsagittis.org,+91 1860106237,West Bengal,79,Premium
117956,Simrit Khan,Ap #133-3513 In St.,ultrices.Duis.volutpat@maurissit.org,+91 3061067026,Rajasthan,60,Regular
188057,Amari Khan,Ap #112-8365 Dictum Street,mauris@id.com,+91 4445736507,Chhattisgarh,46,Guest
678117,Arokya Patel,"Ap #224-1198 At, Avenue",lorem.eu.metus@enimnonnisi.com,+91 3998528878,Maharastra,57,Premium
197532,Utpalini Ismail,"P.O. Box 825, 4990 Suspendisse St.",et.netus.et@sitametconsectetuer.net,+91 0314588602,Gujarat,79,Regular
119975,Ihina Ismail,Ap #633-7863 Mauris. Road,lorem.eu@eu.co.uk,+91 8354376372,Rajasthan,81,Guest
547897,Hansaveni Khan,462-1063 Habitant St.,mattis.semper@cursus.org,+91 1043643111,Tamil Nadu,56,Premium
807748,Nirmit Ismail,Ap #537-6186 At St.,odio.Aliquam.vulputate@condimentumegetvolutpat.edu,+91 9831344978,Maharastra,23,Regular
510823,Arham Khan,987-7400 Sed Ave,est.Nunc.ullamcorper@variusNam.org,+91 2042209864,Odisha,44,Guest
151057,Gaganvihari Kumar,"7636 Rutrum, St.",molestie.Sed.id@diam.ca,+91 5732122236,Rajasthan,76,Premium
122871,Tejomay Singh,"P.O. Box 357, 9027 Quis St.",molestie.arcu.Sed@ligula.edu,+91 6561018482,Karnataka,21,Regular
629941,Aruna Jain,Ap #653-9379 Lacinia Ave,ut.mi@turpis.co.uk,+91 0341204736,Assam,60,Guest
898420,Ashwini Ismail,1270 Molestie Rd.,felis@interdumSedauctor.ca,+91 8988779165,Andhra Pradesh,67,Premium
119671,Anjum Kumar,361-5834 Vel Rd.,dolor.sit.amet@lacusQuisque.edu,+91 2425085655,Tamil Nadu,88,Regular
292337,Suchandra Singh,830-8285 Ut Av.,enim.Etiam@fringilla.edu,+91 1448683830,Karnataka,24,Guest
845492,Manorama Kumar,"P.O. Box 542, 3551 Blandit Rd.",ut@pede.ca,+91 2563201629,Rajasthan,84,Premium
467009,Keshika Singh,"P.O. Box 984, 756 Sit Av.",ipsum.Suspendisse@ornare.net,+91 5491276031,Jharkhand,41,Regular
659797,Suhrit Ismail,"P.O. Box 102, 1319 Mollis. Av.",dictum.placerat.augue@leoVivamusnibh.co.uk,+91 8552222985,Andhra Pradesh,56,Guest
978360,Tapasranjan Patel,"P.O. Box 264, 3404 Ligula Road",Duis.risus@egestas.co.uk,+91 3155472912,Bihar,47,Premium
244965,Rajshri Kumar,"P.O. Box 151, 9131 Est Av.",eu.eros.Nam@augueSedmolestie.co.uk,+91 3446944911,Andhra Pradesh,37,Regular
781520,Devalatha Khan,543 Risus Road,odio@tinciduntvehicula.ca,+91 8942766959,Chhattisgarh,85,Guest
258491,Evyavan Ismail,398-7213 Phasellus Avenue,Duis@sollicitudina.co.uk,+91 3202673148,Tamil Nadu,71,Premium
889686,Mitesh Kumar,"P.O. Box 837, 1483 Elit Avenue",lacus@Duis.org,+91 9809695405,Andhra Pradesh,16,Regular
260289,Narmad Kumar,"Ap #842-2321 Eu, Av.",sit.amet@Fusce.co.uk,+91 6323268888,Gujarat,69,Guest
900362,Devabrata Patel,484-9675 Mauris Rd.,sed.consequat@vulputate.com,+91 5747091923,Bihar,85,Premium
199651,Abhyudita Raj,1103 Duis Rd.,et@nonjusto.com,+91 0222727770,Delhi,26,Regular
204685,Abhinandana Patel,"252 Vulputate, St.",sit@molestietortor.net,+91 2099364256,Bihar,36,Guest
199355,Amolik Kumar,"P.O. Box 491, 172 Nunc Av.",dolor.Quisque@nuncQuisque.com,+91 4204878356,Uttar Pradesh,59,Premium
922991,Madirakshi Raj,"P.O. Box 533, 6071 Inceptos Ave",faucibus.id.libero@accumsaninterdum.net,+91 8943620466,Andhra Pradesh,43,Regular
671584,Sourabh Patel,"531-8001 Eget, Rd.",sit.amet@eueuismodac.org,+91 0843582917,Tamil Nadu,52,Guest
235406,Rashmika Singh,Ap #122-8984 Vitae Street,quis@iderat.ca,+91 4931809731,Uttar Pradesh,48,Premium
987019,Sahil Singh,Ap #185-6522 Ipsum. Road,Lorem@molestietellusAenean.co.uk,+91 1752786890,Maharastra,58,Regular
247346,Subhagya Kumar,571-3986 Accumsan Av.,quis.pede.Praesent@nonummy.org,+91 1061704797,Karnataka,57,Guest
202217,Thirugnanam Raj,424-5133 Neque. St.,non.ante.bibendum@quisturpisvitae.edu,+91 9908106318,Karnataka,21,Premium
817498,Keshika Raj,"P.O. Box 927, 1993 Dui, Av.",Phasellus@aarcuSed.ca,+91 7680996065,Tamil Nadu,26,Regular
218572,Hemanya Patel,206-8784 Sagittis Avenue,ac.feugiat@odiosagittissemper.co.uk,+91 2783295015,Madhya Pradesh,29,Guest
252180,Tamasi Patel,"P.O. Box 905, 4781 Cursus Rd.",tellus.Suspendisse@vitaeposuereat.edu,+91 6120005990,Gujarat,71,Premium
309772,Aboil Jain,Ap #241-925 Enim St.,Cras@Etiam.ca,+91 4461341497,Chhattisgarh,85,Regular
863621,Phoolendu Patel,718-8580 Nulla Rd.,velit.Pellentesque.ultricies@nislarcu.co.uk,+91 4649522155,Maharastra,55,Guest
203388,Mubarak Khan,"P.O. Box 529, 4733 Egestas Street",nulla.Cras@necanteblandit.edu,+91 9041822536,Andhra Pradesh,57,Premium
914193,Kartar Singh,739-4963 Curabitur Rd.,convallis.ligula.Donec@diamnunc.co.uk,+91 9696273108,Karnataka,22,Regular
525714,Kayalvili Singh,"P.O. Box 647, 586 Ut, St.",vulputate.posuere@nec.net,+91 2157324432,Maharastra,26,Guest
781924,Adway Jain,"P.O. Box 873, 7179 Tortor Road",at@felisDonec.net,+91 3490815188,Uttar Pradesh,62,Premium
141338,Sarvanavel Jain,583-1648 Penatibus Ave,dui@CrasinterdumNunc.org,+91 0224643440,Kerala,83,Regular
179784,Yashawanthi Jain,"P.O. Box 694, 249 Donec St.",libero@Mauris.org,+91 9572199999,Uttar Pradesh,78,Guest
787080,Maithili Patel,"P.O. Box 303, 3842 Arcu. Avenue",quis.massa@sit.com,+91 2533170164,Andhra Pradesh,40,Premium
918602,Devya Ismail,Ap #281-1963 At Rd.,montes@pedeSuspendissedui.co.uk,+91 4192076067,Bihar,41,Regular
612732,Nagina Kumar,983-6889 Diam. Rd.,imperdiet@Nullamsuscipit.ca,+91 9679074769,West Bengal,67,Guest
215660,Shubhra Khan,"P.O. Box 441, 8275 Ullamcorper. Av.",dolor.dolor.tempus@actellusSuspendisse.com,+91 1677585700,Bihar,38,Premium
545326,Taruni Ismail,2665 Donec Street,arcu.et@nonummyut.org,+91 8787435433,Uttar Pradesh,68,Regular
809710,Tridib Jain,"6050 Lacus, Ave",molestie.Sed@elit.net,+91 9186132078,Uttar Pradesh,75,Guest
998731,Shaswati Kumar,7716 Sed Street,eu@turpisegestasFusce.org,+91 5586971150,Uttar Pradesh,18,Premium
380237,Gayatri Khan,Ap #171-7457 Semper Street,sagittis.felis.Donec@Integersem.edu,+91 3306854491,Karnataka,60,Regular
873652,Indratan Ismail,464-1532 Nunc Rd.,vitae@magnaet.ca,+91 2154361036,Jharkhand,79,Guest
116238,Suvan Patel,8495 Tempus Street,Etiam@duinec.net,+91 3768696702,Uttar Pradesh,20,Premium
305371,Vipula Jain,"P.O. Box 860, 8165 Sit Rd.",eget.massa@aarcu.com,+91 6061685235,Bihar,33,Regular
167081,Ruma Raj,4206 Libero Ave,dignissim.pharetra@aliquetsem.edu,+91 7512622417,Maharastra,41,Guest
859935,Jayalakshmi Ismail,"P.O. Box 327, 3512 Suspendisse St.",ipsum.dolor@Aliquam.net,+91 3126087956,Gujarat,37,Premium
878506,Sumedh Raj,"616-8948 Ut, Ave",Nullam.vitae@Vivamus.org,+91 6993890349,Uttar Pradesh,37,Premium
366620,Shreemayi Patel,Ap #717-6212 Iaculis Av.,Vivamus.euismod.urna@risusDuisa.co.uk,+91 8626449987,Madhya Pradesh,27,Regular
415054,Dhanapriya Kumar,"P.O. Box 538, 2589 Elit Rd.",a@vitaeorci.net,+91 4873311307,Uttar Pradesh,28,Guest
955559,Nandika Kumar,Ap #958-4531 Adipiscing Rd.,risus.Donec.egestas@gravidamolestiearcu.co.uk,+91 0353696386,Uttar Pradesh,46,Premium
837965,Malay Ismail,"Ap #577-1395 Pede, St.",Fusce.dolor.quam@turpisvitaepurus.co.uk,+91 4010508388,Haryana,76,Regular
874011,Krishnamurari Patel,Ap #113-2308 Lacinia St.,Praesent@liberoduinec.net,+91 7012427532,Uttar Pradesh,19,Guest
134278,Ibhanan Khan,Ap #732-4092 Justo Ave,penatibus.et@dis.com,+91 2437820665,Andhra Pradesh,41,Premium
641444,Chandrodaya Jain,Ap #684-4112 Tellus Rd.,purus.Nullam@vestibulumloremsit.org,+91 5322931217,Bihar,68,Regular
227164,Ronak Khan,"P.O. Box 926, 4004 Viverra. Road",semper@metus.co.uk,+91 6162885568,Punjab,84,Guest
297613,Shrinath Jain,"P.O. Box 604, 6128 Dictum Road",facilisis.eget@erat.ca,+91 4845884179,Karnataka,62,Premium
150349,Gaganasindhu Singh,"Ap #707-3647 Aliquam, Av.",fringilla@tempor.com,+91 4850178294,Uttar Pradesh,69,Regular
648651,Premal Raj,632-1481 Facilisi. Rd.,sed@mauris.org,+91 8095255931,Chhattisgarh,56,Guest
335213,Smrita Ismail,"P.O. Box 423, 8532 Accumsan Ave",arcu.Vestibulum.ante@amagna.net,+91 9843855723,West Bengal,17,Premium
745783,Avadhesh Kumar,Ap #538-3845 Amet Ave,quis@DonecfringillaDonec.edu,+91 6453418639,Madhya Pradesh,65,Regular
542127,Milana Ismail,386-4087 Arcu. St.,Etiam.ligula.tortor@tinciduntdui.com,+91 4663235029,Gujarat,45,Guest
345141,Chittaprasad Khan,Ap #914-7011 Risus. Street,rhoncus.Proin.nisl@atpedeCras.edu,+91 3028151919,Karnataka,86,Premium
274697,Dhanraj Patel,"668-5765 Tortor, Street",Morbi.quis@et.com,+91 0977999308,Maharastra,15,Regular
154132,Dev Khan,Ap #427-9037 Senectus Avenue,erat@ligula.org,+91 6999826976,Madhya Pradesh,62,Guest
340737,Bhanuja Ismail,484-9322 Aenean Rd.,In@loremeu.com,+91 4359042927,Bihar,57,Premium
754473,Keshav Patel,"P.O. Box 129, 4240 Arcu. Rd.",mi.Aliquam@intempus.co.uk,+91 4459230982,Madhya Pradesh,82,Regular
822862,Himadri Raj,"P.O. Box 143, 2309 Eget, Ave",nulla@Proinvelit.co.uk,+91 3509245976,Chhattisgarh,23,Guest
581145,Anuga Raj,"Ap #894-9322 Ac, Street",Nam@Maecenasornare.ca,+91 0499207299,Karnataka,55,Premium
816938,Seema Kumar,"4993 Elementum, St.",et.euismod.et@orci.com,+91 2657507624,Uttar Pradesh,46,Regular
709012,Tejomay Raj,7237 Magnis Rd.,molestie@elit.ca,+91 4596233096,Chhattisgarh,41,Guest
439791,Chakor Raj,"P.O. Box 156, 4771 Est Avenue",eu.dui@Nullatempor.co.uk,+91 2591472288,Bihar,75,Premium
781957,Palashranjan Raj,"425-1804 Aliquet, Road",velit.eu@Morbiquisurna.net,+91 7152957358,Maharastra,23,Regular
998526,Aruna Kumar,1531 Libero. Ave,libero@elitafeugiat.edu,+91 5849011585,Uttar Pradesh,37,Guest
496001,Ahsan Khan,5947 Lorem Av.,commodo.auctor.velit@vulputateullamcorper.org,+91 5306461023,Gujarat,68,Premium
436281,Thangasami Singh,"P.O. Box 114, 6564 Viverra. Road",egestas.hendrerit.neque@lacusAliquamrutrum.net,+91 3229428079,Jammu and Kashmir,65,Regular
621921,Deenabandhu Khan,Ap #721-3510 Ipsum Avenue,orci.quis@Craseu.ca,+91 2093201124,Uttar Pradesh,90,Guest
215901,Sudhanssu Singh,Ap #285-6768 Iaculis Street,Nulla.tempor.augue@scelerisque.ca,+91 8868699226,Rajasthan,81,Premium
493874,Pari Raj,Ap #673-6987 Tristique St.,Pellentesque.ut@nisisemsemper.net,+91 0043979577,Punjab,26,Regular
942010,Antini Ismail,3758 Justo Street,Nunc.mauris@consectetuereuismod.net,+91 0466057870,Maharastra,83,Guest
449581,Chittaranjan Khan,8416 Nibh. St.,est.Mauris@necurna.ca,+91 4875945049,Tamil Nadu,23,Premium
830362,Peeyush Ismail,9344 Malesuada. St.,diam@Sed.co.uk,+91 6259687885,Madhya Pradesh,37,Regular
647234,Kirik Raj,8032 Lectus Ave,Phasellus.dolor.elit@vulputatenisisem.net,+91 0350711635,Jharkhand,68,Guest
623360,Satyavati Singh,Ap #971-1682 Et Street,varius.Nam.porttitor@cursusluctus.ca,+91 0161202502,Uttar Pradesh,65,Premium
184789,Nirmit Kumar,658-9436 Pharetra Ave,nec.quam.Curabitur@erat.com,+91 4823503656,Punjab,90,Regular
749800,Jayati Jain,Ap #833-6501 Aliquam St.,nec.urna.suscipit@ametdiameu.co.uk,+91 9418303038,West Bengal,81,Guest
