rtid,airport_state,airport,destination
2394,PB,Adampur,Allahabad
7447,RJ,Ajmer,Amritsar
8052,UP,Aligarth,Bareilly
2637,UP,Allahabad,Bikaner
5736,PB,Amritsar,Chandigarh
8120,UP,Bareilly,Ahmedabad
4257,RJ,Bikaner,Dehradun
5729,PB,Chandigarh,Gwalior
3030,GJ,Ahmedabad,Jaipur
4931,UK,Dehradun,Jammu
8259,MP,Gwalior,Jodhpur
5029,RJ,Jaipur,Kanpur
6718,JK,Jammu,Kota
2383,RJ,Jodhpur,Mumbai
6477,UP,Kanpur,Kota
7732,RJ,Kota,Mumbai
9729,MH,Mumbai,Pune
3253,MH,Pune,Lucknow
7834,UP,Lucknow,New Delhi
2508,DL,New Delhi,Chennai
5460,TN,Chennai,Bangalore
8338,KA,Bangalore,Srinagar
3708,JK,Srinagar,Adampur
8660,PB,Adampur,Ajmer
2619,RJ,Ajmer,Aligarth
1960,UP,Aligarth,Allahabad
9164,UP,Allahabad,Amritsar
1717,PB,Amritsar,Bareilly
6459,UP,Bareilly,Bikaner
8684,RJ,Bikaner,Chandigarh
4823,PB,Chandigarh,Ahmedabad
8573,GJ,Ahmedabad,Dehradun
6601,UK,Dehradun,Gwalior
3010,MP,Gwalior,Jaipur
2436,RJ,Jaipur,Jammu
4613,JK,Jammu,Jodhpur
4540,RJ,Jodhpur,Kanpur
6839,UP,Kanpur,Kota
3322,RJ,Kota,Mumbai
8300,MH,Mumbai,Pune
6714,MH,Pune,Lucknow
6141,UP,Lucknow,New Delhi
3203,DL,New Delhi,Chennai
3158,TN,Chennai,Bangalore
6880,KA,Bangalore,Srinagar
5541,JK,Srinagar,Adampur
6844,PB,Adampur,Ajmer
3348,RJ,Ajmer,Aligarth
6536,UP,Aligarth,Allahabad
9378,UP,Allahabad,Amritsar
5562,PB,Amritsar,Bareilly
8897,UP,Bareilly,Bikaner
7467,RJ,Bikaner,Chandigarh
5706,PB,Chandigarh,Jaipur
9456,GJ,Ahmedabad,Jammu
9096,UK,Dehradun,Jodhpur
5845,MP,Gwalior,Kanpur
7264,RJ,Jaipur,Kota
4168,JK,Jammu,Mumbai
6262,RJ,Jodhpur,Pune
3862,UP,Kanpur,Lucknow
2080,RJ,Kota,New Delhi
9327,MH,Mumbai,Chennai
9460,MH,Pune,Lucknow
3519,UP,Lucknow,New Delhi
5566,DL,New Delhi,Chennai
8552,TN,Chennai,Bangalore
4900,KA,Bangalore,Srinagar
5259,JK,Srinagar,New Delhi
6526,DL,New Delhi,New Delhi
2472,DL,New Delhi,New Delhi
1828,DL,New Delhi,New Delhi
3017,DL,New Delhi,Bareilly
6237,UP,Bareilly,Bikaner
7113,RJ,Bikaner,Chandigarh
8388,PB,Chandigarh,Ahmedabad
5882,GJ,Ahmedabad,Dehradun
1377,UK,Dehradun,Gwalior
1848,MP,Gwalior,Jaipur
2558,RJ,Jaipur,Jammu
8679,JK,Jammu,Jodhpur
8032,RJ,Jodhpur,Kanpur
8304,UP,Kanpur,Kota
9996,RJ,Kota,Mumbai
3880,MH,Mumbai,Pune
5516,MH,Pune,Lucknow
9064,UP,Lucknow,New Delhi
6486,DL,New Delhi,Bareilly
9522,UP,Bareilly,Bikaner
6198,RJ,Bikaner,Chandigarh
1214,PB,Chandigarh,Ahmedabad
5253,GJ,Ahmedabad,Dehradun
9876,UK,Dehradun,Gwalior
9217,MP,Gwalior,Jaipur
6033,RJ,Jaipur,Jammu
1426,JK,Jammu,Jodhpur
2904,RJ,Jodhpur,Kanpur
3601,UP,Kanpur,Kota
3607,RJ,Kota,Mumbai
8947,MH,Mumbai,Jodhpur
