Food_id,food_name,food_category,Price
101,Dosa,Veg,100
102,Idli,Veg,50
103,Sandwich,Veg,80
104,Noodles,Veg,120
105,Pasta,Veg,100
106,Tea,Veg,20
107,Coffee,Veg,30
108,Milk,Veg,25
109,Aloo Paratha,Veg,60
110,Pawa,Veg,40
111,Burger,Veg,80
112,Fried Rice,Veg,150
113,Munchurian,Veg,180
114,Paneer Chilly,Veg,200
115,Tandoori Chicken,Non-veg,250
116,Butter Omlet,Non-veg,70
117,Chicken momos,Non-veg,150
118,Momos,Veg,120
119,Fish fry,Non-veg,200
120,Upma,Veg,60
121,Fresh Lime Soda,Veg,50
122,Paneer Dosa,Veg,120
123,Dahi wada,Veg,100
124,Poori bhaji,Veg,80
125,Rasam wada,Veg,120
126,wada,Veg,60
127,Jeera rice,Veg,80
128,Mutton fried rice,Non-veg,180
129,Biryani,Veg,150
130,Manchurian Soup,Veg,170
