Customer_id,Username,Password,F_name,M_name,L_name,Address,City,State,Country,Pincode,Mobile_number,Email_id,Feedback
100000,Kareem,NEB24ZER4VU,Srikant,Taruntapan,Kumar,P.O. Box 4707059 Magna. Road,Pondicherry,PY,India,361001,6461138550,tempor.est.ac@mollisInteger.com,Rooms are good neat and clean and service was excellent.
100001,Ivor,QMW69OIT7DH,Jignesh,Hitendra,Jain,3774 Sit St.,Sikar,Rajasthan,India,382002,3902943441,vulputate.nisi.sem@laoreetipsumCurabitur.com,Very  nice.
100002,Gareth,ZNS12OPH2AJ,Chevatkodiyon,Chitrarath,Raj,296-5962 Scelerisque St.,Cuddalore,Tamil Nadu,India,358006,2706730463,feugiat.non.lobortis@Curabitur.org,Rooms are good neat and clean and service was excellent.
100003,Bruno,WGI44RPX9IJ,Sanjiv,Jaikrishna,Patel,121-358 Dictum Street,Ramagundam,AP,India,360001,8585772829,Curabitur@eget.ca,Very nice.
100004,Kibo,TYE38LWS1WP,Satyaprakash,Taizeen,Patel,776-6566 Pellentesque Road,Kavaratti,Lakshadweep,India,361001,5532945316,dictum.placerat.augue@luctuslobortis.ca,Food was not good.
100005,Declan,VKA29VBV6YM,Anshumat,Supratim,Kumar,440-2177 Dictum Rd.,Silvassa,DN,India,368012,8739502545,vulputate.posuere@eget.net,Rooms are good neat and clean and service was excellent.
100006,Rooney,PIV18CJG6FQ,Sadgati,Abjayoni,Patel,9795 Et Street,Srinagar,Jk,India,379807,6920769248,odio.Phasellus@ametfaucibusut.org,A good place to stay; rooms and service are pretty good.
100007,Michael,OGF17TUL2LE,Naveena,Jalil,Ismail,8730 Enim Road,Port Blair,Andaman and Nicobar Islands,India,358006,7785295133,eget@pedemalesuadavel.ca,Very nice.
100008,Preston,RAR05OGI4YZ,Hemanti,Parasmani,Kumar,827-4686 Neque Road, 'Bahawalnagar,PB,India,361001,6386136241,rutrum@Sedcongue.ca,A good place to stay; rooms and service are pretty good.
100009,Fulton,CBD52JFD9XB,Agha,Yadavendra,Kumar,Ap #749-4188 Sed Ave, 'Yeotmal,Maharastra,India,379807,4425217084,egestas.nunc@ornare.edu,Service was excellent.
100010,Otto,HLX43OEA4HH,Chittaranjan,Girindra,Khan,Ap #365-8858 Non Avenue,Gangtok,Sikkim,India,382002,5192552532,urna@est.org,Rooms are good neat and clean and service was excellent.
100011,Valentine,VGU76IKB6YC,Pavana,Prasenjit,Kumar,P.O. Box 498  6221 Quisque Road,Daska,Punjab,India,358006,7531755448,eget@ipsumdolor.edu,Food was not good.
100012,Branden,ZIY42CYN4HA,Sachit,Muktananda,Raj,7538 Pretium St.,Nagaon,AS,India,361001,9105624717,Fusce.dolor@posuerecubiliaCurae.co.uk,Very nice.
100013,Edward,FRH91TFE9RR,Muni,Prashanta,Ismail,958-2456 Posuere St. ,Davangere,KA,India,358006,8224960305,Etiam@quisdiamluctus.com,Food was not good.
100014,Hop,BZM48GPR2PH,Mrityunjay,Sopan,Jain,P.O. Box 532  1143 Ut Road,Aizwal,Mizoram,India,382002,6241994372,sapien.Cras@dictum.edu,Food was not good.
100015,Ethan,NLT16MYM1FY,Sammath,Dasmaya,Jain,398-9047 In  Rd.,Machilipatnam,AP,India,368012,7146406844,tincidunt.tempus@imperdietornareIn.org,A good place to stay; rooms and service are pretty good.
100016,Aladdin,RXV87OLY7UE,Archisha,Himmat,Singh,P.O. Box 701 8629 Augue Av.,Thane,MH,India,361001,3833131530,eu@facilisiSed.edu,Very nice.
100017,Colby,JEG94XVW8CD,Vanadurga,Atiya,Jain,Ap #919-2353 Pellentesque Road,Kulti-Barakar,West Bengal,India,379807,6868170483,risus@augue.com,A good place to stay;rooms and service are pretty good.
100018,Zachery,NQI31BCC5OE,Indumukhi,Shatrunjay,Jain,874-1924 Euismod Rd.,Ambattur,Tamil Nadu,India,340004,7526626599,nulla.Integer@eget.com,Service was excellent.
100019,Kevin,LNQ35NRJ8IJ,Sushobhana,Yudhajit,Khan,P.O. Box 614 2044 Facilisis. Rd.,Shillong,ML,India,382002,5224978028,Phasellus@euismodindolor.org,A good place to stay;rooms and service are pretty good.
100020,Norman,QJX16RKE8PX,Kangana,Ghanashyam,Jain,508-7984 Et Street,Kota,Rajasthan,India,358006,244184954,orci.luctus@odioAliquamvulputate.net,Very nice.
100021,Dieter,YPW93IQV7TV,Fatik,Radhatanaya,Singh,438-188 Semper St.,Bijapur,KA,India,368012,1590303052,egestas.a@tellusnonmagna.ca,Service was excellent.
100022,Wallace,ABC47PHB2MK,Loknath,Chellapan,Raj,P.O. Box 835 4366 Mauris.Ave,Shillong,ML,India,368012,2709872541,interdum.Curabitur.dictum@Cras.com,Food was not good.
100023,Gray,LFT98PVB4BI,Dulari,Abhisyanta,Jain,Ap #692-6307 Turpis St.,Kohima,NL,India,340004,8429033464,eu.tempor.erat@egestasurnajusto.org,Rooms are good neat and clean and service was excellent.
100024,Castor,KJM59KYS8OD,Ravikiran,Vighnesh,Singh,4022 Adipiscing Avenue,Sirsa,Haryana,India,368012,8408417827,per@augue.com,A good place to stay;rooms and service are pretty good.
100025,Zachary,IWX24EJQ1XE,Anavi,Madhuk,Kumar,693-4070 Nunc Road,Imphal,MN,India,361007,6962068115,Nullam.nisl@risusatfringilla.net,Service was excellent.
100026,Travis,EHH82JRX8WL,Ramith,Kaman,Kumar,878-983 Nunc St.,Bhuj,Gujarat,India,379807,2497955729,Duis.elementum.dui@hymenaeosMauris.com,Room service was very bad.
100027,Kennedy,WYP74RTN3QA,Roshan,Loknath,Jain,Ap #758-8941 Nullam Road,Kohima,NL,India,368012,8837444736,lacus.Aliquam.rutrum@lobortisnisi.edu,A good place to stay;rooms and service are pretty good.
100028,Jesse,JEP52XPB7SN,Ulagan,Lakshman,Kumar,Ap #571-951 Augue Road,Nagaon,AS,India,361007,9136385849,Cras.convallis.convallis@eleifendnuncrisus.ca,Rooms are good neat and clean and service was excellent.
100029,Zahir,EGP66TBB0RW,Savitashri,Aravan,Ismail,P.O. Box 188 996 Augue,Imphal,Manipur,India,340004,4276868168,est.vitae@Sedeunibh.edu,A good place to stay;rooms and service are pretty good.
100030,Emerson,OAG11ZAO3TN,Umika,Abhyudaya,Raj,P.O. Box 1349380 Neque Rd.,Bulandshahr,UP,India,379807,1913866714,pede.et@sapiencursus.edu,Very nice.
100031,Thaddeus,IAZ86APG9VY,Sudhindra,Chellamani,Jain,702-5526 Justo Road,Gangtok,Sikkim,India,362075,3413418517,Nunc@Nullatinciduntneque.co.uk,Food was not good.
100032,Buckminster,WIF41BNW1IH,Vilokan,Turanyu,Khan,8254 Nullam St.,Shillong,Meghalaya,India,361007,3253067402,neque@risusDuis.ca,Service was excellent.
100033,Matthew,BXV61HYG7RZ,Adarsh,Itish,Singh,634-8474 Ante. Rd.,Chandigarh,Chandigarh,India,340004,9734777934,malesuada@congueturpis.co.uk,Room service was very bad.
100034,Trevor,WFN35KAL1WG,Kamal,Kamadev,Jain,9388 Vitae Av.,Alandur,Tamil Nadu,India,368012,3775614541,laoreet@gravida.co.uk,Rooms are good neat and clean and service was excellent.
100035,Damian,AAK24EHX3FG,Tabassum,Anjuman,Raj,858-1897 Semper Road,Dehradun,UT,India,379807,7115248075,eu.sem@lacusQuisque.org,A good place to stay;rooms and service are pretty good.
100036,Levi,EUK41IFU6FD,Shuchita,Bansilal,Jain,P.O. Box 788 7931 Non Av.,Dibrugarh,Assam,India,362075,1029342229,magnis.dis@eleifendvitae.net,Very nice.
100037,Fuller,JVP00DEG1TY,Pratap,Samir,Jain,561-2458 Maecenas St.,Silvassa,DN,India,362075,1211402835,volutpat.ornare@commodo.org,Room service was very bad.
100038,Rajah,YHE50NDR0ZF,Umrao,Asit,Jain,886-531 Sagittis. Avenue,Silvassa,Dadra and Nagar Haveli,India,379807,7353972922,dignissim.Maecenas.ornare@egestas.com,A good place to stay;rooms and service are pretty good.
100039,Bevis,BBQ41WAJ0IM,Ambuja,Chandraraj,Raj,P.O. Box 425 3788 Phasellus Road,Daman,DD,India,340004,724352009,Nam@erat.co.uk,Rooms are good neat and clean and service was excellent.
100040,Macon,LKK16WKU1MX,Shrigeeta,Charudatta,Raj,7824 Id Rd.,Mango,JH,India,368012,170496519,nonummy.ultricies.ornare@convallis.org,Service was excellent.