Employee_id,F_name,M_name,L_name,Mobile_number,Email_id,Salary
1000,Jagavi,Mandith,Kumar,3996000000,aliquet.vel.vulputate@Lorem.com,14541
1001,Gunaratna,Ajatashatru,Ismail,9921457234,est.mollis@Mauris.edu,7962
1002,Preeti,Hitendra,Kumar,4605758874,magna.Nam@estacfacilisis.com,12336
1003,Aandaleeb,Nandan,Singh,2427838044,scelerisque.neque@laoreetposuereenim.co.uk,18892
1004,Palashranjan,Bharadwaj,Raj,5494362006,id.nunc@felisorci.edu,15473
1005,Kamukh,Mehdi,Raj,4331722131,rhoncus@ipsum.com,8741
1006,Sudarshana,Chellapan,Khan,1047664434,interdum@ullamcorperDuiscursus.org,9287
1007,Yoganand,Haresh,Patel,2889414894,id@massa.co.uk,14388
1008,Ganaka,Chellamuthu,Kumar,5294865578,nec.orci@lobortistellus.com,17020
1009,Mahendra,Isaivalan,Singh,2542002802,eget@in.com,17415
1010,Sunita,Udayasooriyan,Ismail,3178562660,nonummy.Fusce.fermentum@Sedeunibh.ca,9260
1011,Lakshmishree,Omrao,Jain,1668398579,Duis.gravida@ut.edu,6310
1012,Girika,Sutej,Singh,3961172217,malesuada.vel@nonnisiAenean.org,24446
1013,Prabuddha,Devnarayan,Patel,2436286989,dis@est.edu,14886
1014,Jetashri,Fuad,Patel,9596408467,hendrerit.Donec@nequeNullamut.edu,21199
1015,Muthammal,Ankur,Khan,5270668463,vitae.odio.sagittis@mauris.com,24653
1016,Ujjwala,Bahumanya,Patel,9479045249,venenatis.lacus.Etiam@habitant.edu,11079
1017,Payod,Shashishekhar,Raj,5049594916,nulla.Cras.eu@temporestac.org,22603
1018,Abhinav,Yashodhan,Patel,8961620116,tempus.mauris@sed.co.uk,20545
1019,Nandita,Mangal,Raj,6434954379,ligula.Aenean@senectuset.co.uk,21864
1020,Jusal,Praver,Singh,4033377152,non.hendrerit.id@dolorNulla.ca,18950
1021,Sacchidananda,Vishva,Patel,8516378773,sit.amet@seddui.com,12453
1022,Ponnan,Nithik,Raj,9699237029,consequat@ipsum.net,15369
1023,Janya,Ilango,Jain,1829945777,nisl.sem.consequat@nonmagnaNam.com,19351
1024,Sujan,Tapasranjan,Ismail,9783727932,purus.Maecenas.libero@euismod.org,20932
1025,Kuyilsai,Chaman,Jain,3730867670,lobortis@loremsemper.edu,14399
1026,Harigopal,Ori,Ismail,5330899380,hendrerit.consectetuer@anteipsum.edu,15254
1027,Muthunagai,Sankalpa,Khan,9168308141,mauris@consectetueradipiscing.co.uk,6135
1028,Anunay,Sagar,Patel,1497682711,dis.parturient@sed.org,18438
1029,Salim,Mitra,Jain,4354439808,sem.Nulla.interdum@imperdietnecleo.com,18313
1030,Thamarai,Dhvanya,Jain,5380403107,sagittis.Nullam@leoMorbineque.org,5919
1031,Cheliyan,Soman,Kumar,5787562936,enim@hendrerit.ca,6384
1032,Savarna,Timir,Khan,8691979019,quam.a@velquam.net,24903
1033,Martanda,Hariram,Jain,6456520791,eget@litoratorquentper.edu,24855
1034,Roshni,Vilokan,Khan,7231591558,lectus.ante@enim.org,20237
1035,Nachni,Rajiv,Khan,3898120252,ipsum.nunc@necurna.com,9250
1036,Madhumita,Alagarasu,Jain,6474783379,Integer.in.magna@atrisus.net,18889
1037,Sarayu,Sujit,Patel,2192826971,et.magnis@ornareelitelit.org,18603
1038,Vibha,Anshu,Kumar,7706473250,mauris@euaccumsansed.net,23367
1039,Ratan,Jagan,Singh,7572429278,neque@euodio.co.uk,9255
1040,Maniya,Parasmani,Raj,2536044611,ultrices@semvitaealiquam.com,17807
1041,Indrasuta,Kashif,Patel,6964676365,sem@sedpedenec.co.uk,7445
1042,Naishadh,Anbu,Jain,7762582045,Praesent@metus.com,6080
1043,Ramprasad,Chamanlal,Raj,7767258709,sed.sapien.Nunc@Quisquefringilla.com,19644
1044,Veenapani,Gulab,Patel,3872604040,erat.semper.rutrum@volutpatnunc.edu,18536
1045,Jasodhara,Thakur,Jain,5971349477,Curabitur.vel@Nunc.com,7379
1046,Mahitha,Jadhav,Jain,2748662165,amet@amet.ca,22387
1047,Teerth,Swetaketu,Kumar,9147572227,risus@justonecante.ca,12411
1048,Ajeeta,Pralay,Patel,5187664423,nec@nisinibhlacinia.org,11831
1049,Adityavardhana,Dilip,Patel,5908014268,urna.et.arcu@anteipsumprimis.org,6876
1050,Aryaman,Charudutta,Raj,9966166118,semper.pretium@Donec.com,14722
1051,Aman,Chadubhai,Joshi,7894581205,ncuwbbcuwucwu@gmail.com,10000