﻿ISBN - 13,Title,Author_id,Edition,P_ID,Num_pages,C_id,Num_Copies
9780439785969,Harry Potter and the Half-Blood Prince (Harry Potter  #6),1,1,1,652,1,4
9780439358071,Harry Potter and the Order of the Phoenix (Harry Potter  #5),1,1,1,870,1,6
9780439554893,Harry Potter and the Chamber of Secrets (Harry Potter  #2),1,3,1,352,1,3
9780439655484,Harry Potter and the Prisoner of Azkaban (Harry Potter  #3),1,2,1,435,1,2
9780767908184,A Short History of Nearly Everything,2,3,2,544,2,1
9780767915069,2's African Diary,2,1,2,55,2,2
9780767910439,Bryson's Dictionary of Troublesome Words: A Writer's Guide to Getting It Right,2,1,2,256,2,2
9780767903868,In a Sunburned Country,2,3,2,335,2,7
9780767903820,I'm a Stranger Here Myself: Notes on Returning to America After Twenty Years Away,2,3,2,304,2,5
9780470045299,eBay for Dummies,3,1,3,386,3,6
9780072262780,What to Sell on ebay and Where to Get It: The Definitive Guide to Product Sourcing for eBay and Beyond,4,1,4,260,3,1
9780764569241,Starting an eBay Business for Dummies,3,1,3,384,3,4
9780471933823,eBay: Top 100 Simplified Tips & Tricks,5,1,3,260,3,2
9780764559914,ebay Timesaving Techniques for Dummies,3,2,3,391,3,7
9780764584381,eBay Business All-in-One Desk Reference for Dummies,3,1,3,864,3,7
9780143035008,Anna Karenina,6,2,5,838,1,4
9780201616224,The Pragmatic Programmer: From Journeyman to Master,7,2,6,321,4,7
9780582418271,The Firm,8,1,6,76,1,1
9780201500646,The Feynman Lectures on Physics  3 Vols,9,1,6,400,5,5
9780201061963,The Design and Implementation of the 4.3BSD UNIX Operating System,10,3,6,471,4,5
9780201835953,The Mythical Man-Month: Essays on Software Engineering,11,2,6,322,4,2
9780805390490,The Feynman Lectures on Physics Vol 3,9,3,6,384,5,3
9780321468932,Absolute C++,12,3,6,943,4,7
9780321441461,Data Structures and Algorithm Analysis in C++,13,1,6,586,4,7
785342314526,Algorithms in C  Parts 1-4: Fundamentals  Data Structures  Sorting  Searching,14,2,6,720,4,3
9780201485677,Refactoring: Improving the Design of Existing Code,15,3,6,431,4,3
9780471743675,The Warren Buffett Way,16,1,3,245,3,6
9780471430452,The Warren Buffett CEO: Secrets from the Berkshire Hathaway Managers,17,2,3,432,3,5
9780471705222,Information Technology for Management: Transforming Organizations in the Digital Economy,18,1,3,724,4,2
9780470096000,PHP & MySQL For Dummies,19,3,3,436,4,1
9780471780939,Power of an Hour: Business and Life Mastery in One Hour a Week,20,1,3,205,3,5
9780387222523,Cognitive Behavioral Treatment of Insomnia: A Session-By-Session Guide,21,3,7,182,6,3
9789027712059,The Berlin Phenomenology,22,3,7,210,7,7
9781852339463,The Future of the Universe,23,3,7,175,7,6
9780387988924,Strings  Conformal Fields  and M-Theory (Graduate Texts in Contemporary Physics),24,1,7,531,5,5
9780387985893,Introduction to Superstrings and M-Theory,24,3,7,587,5,3
9780071401944,Crucial Conversations: Tools for Talking When Stakes Are High,25,3,4,240,3,1
9780073250359,Heat and Mass Transfer,26,1,4,901,5,2
9780809230419,Wooden: A Lifetime of Observations and Reflections On and Off the Court,27,3,4,201,7,7
9780071460828,Marketing Warfare,28,2,4,216,3,4
9780140436143,Martin Chuzzlewit,29,2,5,830,1,3
9780140435825,Flaubert in Egypt: A Sensibility on Tour,30,2,5,230,1,7
9780140448009,Three Tales,30,1,5,110,1,4
9780140447972,Sentimental Education,30,3,5,460,1,6
9780142437117,The Letters of John and 31,31,1,5,512,1,1
9780141441115,Tono-Bungay,32,1,5,414,1,6
9780140424386,The Canterbury Tales,33,1,5,504,1,7
9780142437056,The Secret Garden,34,3,5,288,1,4
9780141441481,The Longest Journey,35,2,5,396,1,1
9780141185477,Angle of Repose,36,1,5,557,1,3
9780143039105,Complete Short Stories,37,1,5,594,1,6
9780142437919,Orient Express,38,2,5,197,1,7
9780143039723,Journey Without Maps,37,1,5,272,7,6
9780143039020,The Quiet American,37,2,5,180,7,6
9780140431056,Redburn,39,1,5,448,1,6
9780143039433,The Grapes of Wrath,40,1,5,464,1,6
9780141183596,Tender is the Night,41,3,5,400,1,5
9780143039488,The Winter of Our Discontent,40,2,5,336,1,5
9780141185118,Tortilla Flat,40,2,5,154,1,7
9780141441214,Three Men in a Boat,42,3,5,178,1,6
9780767912273,To Have and to Hold,43,1,2,352,7,5
9780767905206,Mr. Maybe,43,3,2,368,1,3
9780767912235,Babyville,43,3,2,438,1,3
9780767907804,Bookends,43,1,2,358,1,3
9781400054879,Angry Black White Boy,44,2,2,352,1,1
9780767904612,Going on Being: Buddhism and the Way of Change,45,2,2,240,7,5
9781400080465,Encyclopedia of an Ordinary Life,46,3,2,240,7,1
9780767915694,The Full Matilda,47,3,2,384,1,4
9780767919371,The Life and Times of the Thunderbolt Kid: A Memoir,2,3,2,268,7,4
9780439650373,The Abominable Snowman Doesn't Roast Marshmallows (The Adventures of the Bailey School Kids  #50),48,2,1,96,1,4
9780590444774,Santa Claus Doesn't Mop Floors (The Adventures of the Bailey School Kids  #3),49,1,1,80,1,5
9780590849029,Angels Don't Know Karate (The Adventures Of The Bailey School Kids  #23),50,2,1,67,1,3
9780439650366,Werewolves Don't Run for President (The Adventures of the Bailey School Kids  #49),48,3,1,96,1,6
9780590434119,Vampires Don't Wear Polka Dots (The Adventures of the Bailey School Kids  #1),49,1,1,80,1,3
9780590440615,Werewolves Don't Go to Summer Camp (The Adventures of the Bailey School Kids  #2),48,3,1,96,1,4
9780590189828,Phantoms Don't Drive Sports Cars (The Adventures of the Bailey School Kids  #32),50,1,1,80,1,3
9780590519342,The Mark of the Crown (Star Wars: Jedi Apprentice  #4),51,1,1,131,1,6
9780262510875,Structure and Interpretation of Computer Programs (MIT Electrical Engineering and Computer Science),52,2,8,657,4,4
9780262540377,Brainstorms: Philosophical Essays on Mind and Psychology,53,2,8,424,6,2
9780262540421,Elbow Room: The Varieties of Free Will Worth Wanting,53,2,8,212,6,3
9780521439718,Practical Ethics,54,2,9,411,7,1
9780521558723,The New Knighthood: A History of the Order of the Temple,55,2,9,441,2,3
9780521406772,The Rise and Fall of Anne Boleyn,56,2,9,338,2,5
9780521498678,The Cambridge Companion to Jane Austen,57,1,9,251,1,6
9780521654081,Practical Philosophy,58,3,9,704,7,1
9780521294300,The Woman Who Rode Away and Other Stories,59,1,9,556,1,4
9780521532488,King Richard II,60,2,9,252,1,3
9780521297653,King Richard II,60,1,9,240,1,2
9780521532471,A Midsummer Night's Dream,60,1,9,168,1,1
9780521532525,Hamlet  Prince of Denmark,60,2,9,270,1,2
9780521532532,Romeo and Juliet,60,3,9,278,1,7
9780521220231,The Foundations of Modern Political Thought: Volume One: The Renaissance,61,3,9,332,7,2
9780521598224,Much Ado about Nothing,60,3,9,284,1,3
9780521638760,Liberty Before Liberalism,61,2,9,156,7,1
9780596523695,Ruby Cookbook,62,3,10,873,4,1
9780596527310,Rails Cookbook: Recipes for Rapid Web Development with Ruby,63,2,10,514,4,1
9780596006792,BSD Hacks,64,1,10,450,4,3
9780596527334,CSS: The Definitive Guide,65,1,10,518,4,4
9780596527419,CSS Cookbook,66,2,10,516,4,7
9780596009410,Mac OS X: Tiger Edition (The Missing Manual),67,3,10,864,4,7
9780596007195,Revolution in The Valley: The Insanely Great Story of How the Mac Was Made,68,1,10,291,4,4
9780596006624,Hackers & Painters: Big Ideas from the Computer Age,69,1,10,272,4,3
9780596527082,MySQL Cookbook,70,1,10,980,4,1
9780596003067,High Performance MySQL: Optimization  Backups  Replication & Load Balancing,71,2,10,304,4,1
