S_id,S_name,S_designation 
100, Samendra Singh , Head Librarian
101, Nithilam Singh , Technical Assistant
102, Dhiren Singh , Technical Assistant
103, Ghanashyam Patel , Technical Assistant
104, Shiuli Khan , Jr.Techinical Assistant
105, Panchanan Ismail , Assistant Librarian
106, Sankara Khan , Assistant Librarian
107, Vedi Patel , Assistant Librarian
108, Jagadhidh Patel , Assistant Librarian
109, Nachni Khan , Assistant Librarian
110, Sarbajit Raj , Assistant Librarian
111, Raheem Ismail , Assistant Librarian
112, Avikshit Kumar ,  Senior Head Librarian
113, Nityasundar Patel , Xerox Operator
114, Dheemant Patel , Xerox Operator
115, Sulakshana Khan , Jr.Techinical Assistant
