1|Tata|Tata Nexon EV.|HATCHBACK|White|20|25|1|1
2|Tata|Tata Nexon.|SEDAN|silver|21|26|2|2
3|Tata|Tata Tiago.|SEDAN|grey|20|25|3|3
4|Tata|Tata Altroz.|PICKUP TRUCK|black|19|24|16|4
5|Tata|Tata Tigor.|SEDAN|navy|23|28|5|5
6|Tata|Tata Ace.|MINIVAN|blue|20|25|6|6
7|Tata|Tata Hexa.|SUV|cerulean|15|20|7|7
8|Tata|Tata Harrier.|PICKUP TRUCK|sky blue|20|25|18|8
9|Tata|Tata Tigor EV.|SEDAN|turquoise|20|25|9|9
10|Tata|Tata Xenon.|SUV|blue-green|15|20|20|10
11|Mahindra|Bolero|SUV|azure|20|25|11|11
12|Mahindra|Scorpio|SUV|olive|12|17|12|1
13|Mahindra|XUV300|SUV|yellow|13|18|13|2
14|Mahindra|XUV500|SUV|gold|14|19|14|3
15|Mahindra|TUV300|PICKUP TRUCK|amber|15|20|15|4
16|Mahindra|Marazzo|SEDAN|orange|20|25|16|5
17|Mahindra|Alturas G4|MINIVAN|brown|24|29|17|6
18|Suzuki|Suzuki Every|SEDAN|orange-red|20|25|18|7
19|Suzuki|Suzuki Swift Dzire |SEDAN|red|21|26|19|8
20|Suzuki|Suzuki Wagon R|HATCHBACK|maroon|20|25|20|9
21|Suzuki|Suzuki MR Wagon|HATCHBACK|rose|19|24|14|10
22|Suzuki|Suzuki Escudo|SUV|red-violet|23|28|15|11
23|Jaguar|Jaguar F-TYPE|SEDAN|White|10|15|16|11
24|Jaguar|Jaguar F-Pace|SEDAN|silver|12|17|17|10
25|Jaguar|Jaguar XE|CONVERTIBLE|grey|8|13|18|11
26|Jaguar|Jaguar XF|CONVERTIBLE|black|20|25|20|11
27|Rolls-Royce|Phantom|SEDAN|navy|20|25|16|5
28|Rolls-Royce|Ghost|SEDAN|blue|24|29|17|6
29|Rolls-Royce|Wraith |SEDAN|cerulean|20|25|18|7
30|Rolls-Royce|Dawn |SEDAN|sky blue|21|26|19|8
31|Rolls-Royce|Sweptail|HATCHBACK|turquoise|20|25|20|9
32|Rolls-Royce|Phantom VIII|CONVERTIBLE|blue-green|19|24|14|10
33|Rolls-Royce|Cullinan|CONVERTIBLE|azure|23|28|15|11