id,ChesisNo,NumberPlate,Reg_State,Owner_name,Owner_city,VType_ID
1,911806,7288,Maharashtra,Heddie,Mumbai,15
2,297801,4067,Delhi,Morganica,Delhi,20
3,164860,8381,Gujarat,Melanie,Ahmadabad,28
4,662729,4979,Maharashtra,Misha,Pune,33
5,785976,9366,Gujarat,Clementine,Surat,28
6,691390,4254,Karnataka,Jordan,Mysore,5
7,124233,7298,Rajasthan,Ricky,Kota,18
8,782515,5158,Uttar Pradesh,Merci,Jhansi,12
9,557808,2570,Rajasthan,Esmeralda,Jaipur,1
10,981153,7520,Gujarat,Ann-Marie,Ghandinagar,8
11,658164,8194,Uttar Pradesh,Felice,Mardanpur,27
12,624748,2640,Rajasthan,Emylee,Rampura,25
13,344420,8034,Uttar Pradesh,Lynea,Lucknow,18
14,813947,2152,Maharashtra,Ada,Nara,20
15,181429,4471,Bihar,Linet,Patna,14
16,772102,8617,Madhya Pradesh,Lita,Indore,12
17,179202,8533,Gujarat,Nariko,Vadodara,16
18,448951,3032,Madhya Pradesh,Leeanne,Bhopal,29
19,630649,9265,Tamil Nadu ,Fred,Coimbatore,14
20,543141,5191,Punjab,Atlanta,Ludhiana,16
21,464189,5019,Uttar Pradesh,Teriann,agra,8
22,455764,5840,Maharashtra,Agnese,Kalyan,23
23,466007,6334,Andhra Pradesh,Fayre,Vishakhapatnam,11
24,509876,6323,Kerala,Winny,Kochi,22
25,772744,1579,Maharashtra,Kore,Nasik,14
26,241421,7239,Uttar Pradesh,Lynea,Meerut,19
27,963901,1880,Haryana,Yetty,Faridabad,18
28,840706,2117,Uttar Pradesh,Giustina,Varanasi,12
29,485106,2445,Uttar Pradesh,Letizia,Ghaziabad,12
30,912818,6152,West Bengal,Donetta,asansol,6
31,293986,7253,Jharkhand,Grier,Jamshedpur,8
32,141464,6250,Tamil Nadu ,Deloria,Madurai,29
33,516035,9292,Madhya Pradesh,Candi,Jabalpur,29
34,402777,3673,Gujarat,Evita,Rajkot,10
35,362429,3444,Jharkhand,Sidoney,Dhanbad,33
36,529173,1365,Punjab,Cissiee,Amritsar,29
37,101071,4159,Andhra Pradesh,Sharlene,Warangal,24
38,743029,3846,Uttar Pradesh,Consuela,Allahabad,14
39,122066,9338,Jammu and Kashmir,Chrystel,Srinagar,31
40,524503,7509,Maharashtra,Joceline,Aurangabad,29
41,722090,6014,Chhattisgarh,Donnie,Bhilai,24
42,329184,3246,Maharashtra,Emelina,Solapur,25
43,915755,5929,Jharkhand,Marcy,Ranchi,22
44,325066,7837,Rajasthan,Charissa,Jodhpur,31
45,837148,1401,Assam,Jsandye,Guwahati,23
46,397819,2129,Chandigarh,Tami,Chandigarh,4
47,143326,4290,Madhya Pradesh,Cissiee,Gwalior,24
48,920063,7619,Kerala,Mellicent,Thiruvananthapuram,24
49,936930,7483,Tamil Nadu ,Penelopa,Tiruchchirappalli,17
50,302984,8685,Karnataka,Lexine,Hubli,27
51,352493,8762,Karnataka,Annecorinne,Mysore,10
52,708171,7878,Chhattisgarh,Netty,Raipur,1
53,181043,7678,Tamil Nadu ,Barbi,Salem,17
54,833787,5181,Odisha,Anestassia,Bhubaneshwar,1
55,600654,6092,Rajasthan,Rori,Kota,10
56,420980,1711,Uttar Pradesh,Jaime,Jhansi,18
57,980919,7344,Uttar Pradesh,Adore,Bareilly,5
58,894430,8690,Uttar Pradesh,Cindelyn,Aligarh,10
59,238764,6526,Maharashtra,Sean,Bhiwandi,17
60,164810,4765,Jammu and Kashmir,Steffane,Jammu,19
61,672541,2852,Uttar Pradesh,Celene,Moradabad,29
62,378371,9894,Karnataka,Mireielle,Mangalore,7
63,947684,8416,Maharashtra,Annora,Mumbai,19
64,567586,7289,Delhi,Gisela,Delhi,32
65,758205,8817,Gujarat,Yvonne,Ahmadabad,5
66,982948,2645,Maharashtra,Latisha,Pune,20
67,429816,3615,Gujarat,Glenda,Surat,24
68,119228,7898,Karnataka,Odessa,Mysore,24
69,360782,5724,Rajasthan,Emelina,Kota,14
70,147942,5867,Uttar Pradesh,Agathe,Jhansi,31
71,882597,4610,Rajasthan,Codie,Jaipur,23
72,593569,3887,Gujarat,Linzy,Ghandinagar,25
73,826590,6007,Karnataka,Marnia,Belgaum,1
74,178512,6344,Maharashtra,Cecile,Sangli,18
75,291472,5489,Maharashtra,Rubie,Chanda,8
76,921112,3009,Rajasthan,Vonny,Ajmer,20
77,152777,9545,Odisha,Gretal,Cuttack,31
78,366840,9450,Rajasthan,Mallory,Bikaner,12
79,382322,7851,Gujarat,Gretal,Bhavnagar,20
80,434698,6980,Haryana,Lauryn,Hisar,5
81,773446,6772,Chhattisgarh,Jackie,Bilaspur,20
82,620354,5653,Tamil Nadu ,Bee,Tirunelveli,28
83,839166,5725,Andhra Pradesh,Rhoda,Guntur,11
84,427836,8061,West Bengal,Wendi,Shiliguri,10
85,818454,7809,Madhya Pradesh,Riannon,Ujjain,16
86,145482,4592,Karnataka,Merry,Davangere,5
87,709804,7887,Maharashtra,Lorie,Akola,27
88,566155,4326,Uttar Pradesh,Jacenta,Saharanpur,12
89,322974,1926,Karnataka,Livvyy,Gulbarga,33
90,651561,8907,West Bengal,Patricia,Bhatpara,33
91,410812,7168,Maharashtra,Rayna,Dhulia,5
92,214865,7353,Rajasthan,Ronna,Udaipur,25
93,821840,1960,Karnataka,Farrah,Bellary,6
94,142396,7722,Tamil Nadu ,Marleah,Tuticorin,31
95,508364,4999,Andhra Pradesh,Pollyanna,Kurnool,19
96,387116,5297,Bihar,Kate,Gaya,6
97,374703,7057,Rajasthan,Jinny,Sikar,8
98,116548,3948,Karnataka,Tatiania,Tumkur,10
99,981048,5765,Kerala,Kelly,Kollam,27
100,194086,1379,Maharashtra,Magdalena,Ahmadnagar,10
101,313897,7849,Rajasthan,Mureil,Bhilwara,3
102,369747,7247,Andhra Pradesh,Harrietta,Nizamabad,22
103,266300,3954,Maharashtra,Leeanne,Parbhani,10
104,968578,3604,Meghalaya,Dania,Shillong,33
105,709677,9095,Maharashtra,Claudina,Latur,17
106,201805,1399,Tamil Nadu ,Stevana,Rajapalaiyam,27
107,744910,3987,Bihar,Aili,Bhagalpur,12
108,574538,2054,Uttar Pradesh,Gilda,Muzaffarnagar,13
109,593113,8192,Bihar,Rayna,Muzaffarpur,12
110,254383,4327,Uttar Pradesh,Linet,Mathura,8
111,751968,9472,Punjab,Andeee,Patiala,7
112,158943,1384,Madhya Pradesh,Olivette,Saugor,33
113,748186,8217,Odisha,Brietta,Brahmapur,32
114,119845,6917,Uttar Pradesh,Kaja,Shahbazpur,19
115,942125,6638,Delhi,Devina,New Delhi,2
116,823695,1285,Haryana,Minda,Rohtak,1
117,854304,2173,Odisha,Kylynn,Samlaipadar,25
118,122914,2307,Madhya Pradesh,Quintina,Ratlam,25
119,843365,8955,Uttar Pradesh,Carree,Firozabad,19
120,389800,3587,Andhra Pradesh,Randa,Rajahmundry,19
121,113402,2557,West Bengal,Elbertina,Barddhaman,27
122,271806,8996,Karnataka,Orelia,Bidar,12
123,542462,8490,Uttar Pradesh,Meriel,Bamanpuri,3
124,517329,2959,Andhra Pradesh,Norine,Kakinada,20
125,228319,6195,Haryana,Elbertina,Panipat,9
126,305180,2163,Andhra Pradesh,Hollie,Khammam,16
127,215493,5364,Gujarat,Regina,Bhuj,14
128,931074,8580,Andhra Pradesh,Genovera,Karimnagar,16
129,897298,6124,Andhra Pradesh,Veda,Tirupati,31
130,883951,8294,Karnataka,Frieda,Hospet,29
131,955100,9937,Karnataka,Emelina,Chikka Mandya,22
132,690567,2000,Rajasthan,Gisela,Alwar,11
133,466287,8164,Mizoram,Zia,Aizawl,22
134,966209,4272,Karnataka,Vere,Bijapur,11
135,462151,8071,Manipur,Corry,Imphal,6
136,828332,1643,Uttar Pradesh,Sonni,Tharati Etawah,16
137,133061,5924,Karnataka,Bernardine,Raichur,5
138,349808,3479,Punjab,Cacilie,Pathankot,6
139,138168,5796,Andhra Pradesh,Calla,Chirala,29
140,614607,8671,Haryana,Gusella,Sonipat,5
141,575927,7966,Uttar Pradesh,Agathe,Mirzapur,22
142,686192,4938,Uttar Pradesh,Fred,Hapur,29
143,992079,2217,Gujarat,Jorry,Porbandar,28
144,241167,1649,Rajasthan,Janey,Bharatpur,11
145,515601,7763,Puducherry,Dolli,Puducherry,29
146,430110,1749,Maharashtra,Sibella,Mumbai,2
147,990698,6350,Delhi,Ethel,Delhi,12
148,228941,6171,Gujarat,Joeann,Ahmadabad,21
149,943820,7343,Maharashtra,Brietta,Pune,16
150,543998,8851,Gujarat,Allis,Surat,24
151,529218,3144,Karnataka,Jerry,Mysore,32
152,467100,5061,Rajasthan,Alisha,Kota,32
153,713833,6913,Uttar Pradesh,Kary,Jhansi,7
154,402468,4630,Rajasthan,Lonnie,Jaipur,20
155,774108,2144,Gujarat,Johna,Ghandinagar,15
156,329071,2110,Bihar,Calla,Purnea,8
157,207386,2709,Andhra Pradesh,Liana,Proddatur,21
158,740592,9831,Haryana,Cam,Gurgaon,15
159,887111,8922,Maharashtra,Anestassia,Khanapur,28
160,618456,2236,Andhra Pradesh,Ericka,Machilipatnam,17
161,873589,7223,Haryana,Lelah,Bhiwani,27
162,333899,2303,Andhra Pradesh,Zia,Nandyal,27
163,741673,3904,Maharashtra,Vere,Bhusaval,8
164,562607,1676,Uttar Pradesh,Daphne,Bharauri,13
165,643799,5422,Rajasthan,Candi,Tonk,27
166,728133,5259,Haryana,Nicoli,Sirsa,26
167,514645,1369,Andhra Pradesh,Dennie,Vizianagaram,31
168,938030,7559,Tamil Nadu ,Nanete,Vellore,25
169,237620,3679,Kerala,Moyna,Alappuzha,12
170,607882,2029,Himachal Pradesh,Teriann,Shimla,11
171,188275,5815,Andhra Pradesh,Angelique,Hindupur,16
172,599344,7111,Jammu and Kashmir,Xylina,Baramula,23
173,666676,7261,Uttar Pradesh,Lynde,Bakshpur,1
174,643627,3885,Assam,Aeriela,Dibrugarh,14
175,154488,9253,Uttar Pradesh,Amelia,Saidapur,7
176,348075,8063,Gujarat,Jenilee,Navsari,25
177,597662,3898,Uttar Pradesh,Corene,Budaun,12
178,926864,4163,Tamil Nadu ,Chastity,Cuddalore,15
179,296397,3520,Punjab,Elena,Haripur,27
180,590902,7974,Tamil Nadu ,Sheelagh,Krishnapuram,16
181,778202,3043,Uttar Pradesh,Ann-Marie,Fyzabad,11
182,698566,4673,Assam,Corly,Silchar,8
183,277061,6887,Haryana,Bernie,Ambala,22
184,171940,6318,West Bengal,Linet,Krishnanagar,29
185,156751,9146,Karnataka,Odessa,Kolar,13
186,368517,7894,Tamil Nadu ,Misha,Kumbakonam,5
187,396718,7442,Tamil Nadu ,Quintina,Tiruvannamalai,4
188,579357,9133,Uttar Pradesh,Clementine,Pilibhit,10
189,215515,5208,Maharashtra,Kellen,Mumbai,4
190,658388,9378,Delhi,Dari,Delhi,12
191,851818,6397,Gujarat,Bobbi,Ahmadabad,20
192,201921,7868,Maharashtra,Louella,Pune,20
193,638766,7631,Gujarat,Zia,Surat,12
194,484506,3483,Karnataka,Di,Mysore,16
195,774740,9837,Rajasthan,Elena,Kota,4
196,850382,9073,Uttar Pradesh,Corene,Jhansi,18
197,916441,9558,Rajasthan,Aili,Jaipur,8
198,911194,3806,Gujarat,Felice,Ghandinagar,16
199,527310,2945,Goa,Fawne,Panaji,24
200,965186,9117,Jammu and Kashmir,Tamqrah,Saidpur,27
201,873757,5521,Assam,Binny,Tezpur,25
202,279697,8123,Arunachal Pradesh,Valeda,Itanagar,16
203,108882,9141,Daman and Diu,Andree,Daman,15
204,448706,1269,Dadra and Nagar Haveli,Gale,Silvassa,13
205,865255,2558,Daman and Diu,Darci,Diu,33
206,443787,3713,Assam,Rochette,Dispur,2
207,540259,5983,Lakshadweep,Paola,Kavaratti,16
208,820618,3736,Kerala,Di,Calicut,30
209,148554,6369,Andhra Pradesh,Georgetta,Kagaznagar,24
210,998628,9739,Rajasthan,Mignon,Jaipur,29
211,555165,7172,Gujarat,Marleah,Ghandinagar,31
212,205411,4899,Haryana,Heida,Panchkula,11
213,368594,6579,Maharashtra,Malina,Mumbai,1
214,870944,3007,Delhi,Wilma,Delhi,30
215,341059,4663,West Bengal,Nariko,Kolkata,23
216,477630,5616,Tamil Nadu ,Roberta,Chennai,22
217,819053,2366,Karnataka,Nyssa,Bengaluru,15
218,361156,8777,Andhra Pradesh,Brietta,Hyderabad,16
219,664170,6029,Gujarat,Rosanne,Ahmadabad,32
220,735979,4827,West Bengal,Sidoney,Haora,22
221,166145,8695,Maharashtra,Belva,Pune,16
222,266825,1182,Gujarat,Shell,Surat,24
223,170246,3502,Uttar Pradesh,Yvonne,Mardanpur,15
224,326600,8016,Rajasthan,Binny,Rampura,14
225,264080,5159,Uttar Pradesh,Ninnetta,Lucknow,21
226,786442,2127,Maharashtra,Shell,Nara,9
227,312419,6896,Bihar,Babita,Patna,8
228,172832,8763,Madhya Pradesh,Darci,Indore,23
229,896841,6570,Gujarat,Adele,Vadodara,6
230,931552,8434,Madhya Pradesh,Angela,Bhopal,16
231,895334,3575,Maharashtra,Paule,Mumbai,13
232,997456,6768,Delhi,Randa,Delhi,14
233,974844,4229,Gujarat,Allyce,Ahmadabad,3
234,172606,3281,Maharashtra,Tatiania,Pune,13
235,839550,4386,Gujarat,Lynde,Surat,30
236,777936,5005,Karnataka,Vonny,Mysore,12
237,664876,7692,Rajasthan,Xylina,Kota,24
238,911848,5128,Uttar Pradesh,Fidelia,Jhansi,26
239,372308,9160,Rajasthan,Maryellen,Jaipur,10
240,945042,8611,Gujarat,Lonnie,Ghandinagar,12
241,832429,9633,Uttar Pradesh,Bee,Ghaziabad,7
242,611945,3383,West Bengal,Roslyn,asansol,16
243,603117,2792,Jharkhand,Teriann,Jamshedpur,27
244,904703,8662,Tamil Nadu ,Aili,Madurai,28
245,731309,4996,Madhya Pradesh,Libbie,Jabalpur,17
246,740947,8582,Gujarat,Elyssa,Rajkot,33
247,734551,1476,Jharkhand,Madeleine,Dhanbad,8
248,659079,2190,Punjab,Albertina,Amritsar,29
249,547111,7360,Andhra Pradesh,Christy,Warangal,5
250,692190,3720,Uttar Pradesh,Shel,Allahabad,1
251,420673,9513,Jammu and Kashmir,Joane,Srinagar,29
252,889950,3195,Maharashtra,Reeba,Aurangabad,8
253,727491,6611,Chhattisgarh,Micheline,Bhilai,4
254,504775,4301,Maharashtra,Tarra,Solapur,3
255,580735,4240,Jharkhand,Katuscha,Ranchi,30
256,470242,2402,Rajasthan,Danika,Jodhpur,21
257,437605,1889,Assam,Brianna,Guwahati,5
258,683996,5838,Chandigarh,Nickie,Chandigarh,29
259,602559,5074,Maharashtra,Romona,Mumbai,30
260,993535,2849,Delhi,Barbara,Delhi,5
261,156365,6051,Gujarat,Adriana,Ahmadabad,1
262,390481,6148,Maharashtra,Althea,Pune,7
263,241174,7153,Gujarat,June,Surat,31
264,627931,3846,Karnataka,Annabela,Mysore,20
265,234950,7503,Rajasthan,Kara-Lynn,Kota,9
266,797721,4296,Uttar Pradesh,Suzette,Jhansi,3
267,673056,1622,Rajasthan,Desirae,Jaipur,20
268,431095,4235,Gujarat,Ninnetta,Ghandinagar,22
269,323520,9753,Maharashtra,Nita,Mumbai,9
270,491495,8678,Delhi,Merrie,Delhi,7
271,555766,4585,Gujarat,Anestassia,Ahmadabad,31
272,341773,4545,Maharashtra,Pearline,Pune,25
273,856713,8114,Gujarat,Debee,Surat,7
274,583286,6161,Karnataka,Noelle,Mysore,16
275,979335,7814,Rajasthan,Selia,Kota,32
276,407469,1942,Uttar Pradesh,Cristine,Jhansi,10
277,647623,9755,Rajasthan,Selma,Jaipur,32
278,650152,5075,Gujarat,Bernardine,Ghandinagar,16
279,123872,2643,Andhra Pradesh,Frieda,Nellore,8
280,955338,4350,Uttar Pradesh,Gerianna,Gopalpur,4
281,214810,9655,Karnataka,Penelopa,Shimoga,15
282,916503,7455,Tamil Nadu ,Nonnah,Tiruppur,27
283,801522,6229,Odisha,Kayla,Raurkela,14
284,233507,7961,Maharashtra,Cyndie,Nanded,11
285,665124,2959,Karnataka,Shell,Belgaum,15
286,708115,4585,Maharashtra,Philis,Sangli,16
287,525782,4452,Maharashtra,Allyce,Chanda,9
288,457323,4780,Rajasthan,Ottilie,Ajmer,10
289,291630,1385,Odisha,Cristine,Cuttack,19
290,553215,5117,Rajasthan,Gwyneth,Bikaner,14
291,865997,1619,Gujarat,Cissiee,Bhavnagar,25
292,349165,1320,Haryana,Yolane,Hisar,21
293,335995,7120,Chhattisgarh,Vita,Bilaspur,24
294,532521,6482,Tamil Nadu ,Lanna,Tirunelveli,8
295,172130,1829,Andhra Pradesh,Cam,Guntur,6
296,260522,7985,West Bengal,Leanna,Shiliguri,26
297,242730,6462,Madhya Pradesh,Fawne,Ujjain,2
298,197824,7924,Karnataka,Shauna,Davangere,4
299,425825,1817,Maharashtra,Belva,Akola,16
300,527081,3488,Uttar Pradesh,Ginnie,Saharanpur,26
301,964408,4219,Karnataka,Dione,Gulbarga,27
302,861850,2654,West Bengal,Chloris,Bhatpara,27
303,873041,2441,Maharashtra,Teriann,Dhulia,14
304,817083,4706,Rajasthan,Roxane,Udaipur,17
305,611529,2491,Karnataka,Tarra,Bellary,11
306,408653,9311,Tamil Nadu ,Neila,Tuticorin,9
307,895843,1772,Andhra Pradesh,Agathe,Kurnool,8
308,775038,7604,Bihar,Jessamyn,Gaya,31
309,770376,2704,Rajasthan,Antonietta,Sikar,2
310,546401,2663,Karnataka,Gwyneth,Tumkur,10
311,436937,8498,Kerala,Gabriellia,Kollam,20
312,301251,7184,Maharashtra,Vita,Ahmadnagar,10
313,783323,2300,Rajasthan,Maurene,Bhilwara,4
314,840051,5952,Maharashtra,Cherrita,Mumbai,1
315,292285,8010,Delhi,Brena,Delhi,33
316,851339,8172,Gujarat,Carree,Ahmadabad,19
317,910688,3907,Maharashtra,Alyda,Pune,3
318,379237,3987,Gujarat,Benita,Surat,27
319,875701,1244,Karnataka,Maye,Mysore,1
320,639851,9536,Rajasthan,Evaleen,Kota,10
321,280891,1911,Uttar Pradesh,Jere,Jhansi,16
322,382360,5060,Rajasthan,Lucille,Jaipur,18
323,874888,4279,Gujarat,Fanchon,Ghandinagar,8
324,844717,5704,Madhya Pradesh,Wileen,Saugor,26
325,426454,8814,Odisha,Ginnie,Brahmapur,8
326,292760,5329,Uttar Pradesh,Melodie,Shahbazpur,24
327,978424,1157,Delhi,Tobe,New Delhi,4
328,330789,2959,Haryana,Modestia,Rohtak,27
329,433810,8413,Odisha,June,Samlaipadar,1
330,991690,7565,Madhya Pradesh,Emmey,Ratlam,2
331,631685,7970,Uttar Pradesh,Ronna,Firozabad,25
332,765468,6942,Andhra Pradesh,Morganica,Rajahmundry,25
333,765566,1501,West Bengal,Dione,Barddhaman,32
334,766168,5327,Karnataka,Inga,Bidar,14
335,833697,8856,Uttar Pradesh,Sara-Ann,Bamanpuri,26
336,513110,4607,Andhra Pradesh,Paule,Kakinada,8
337,824247,5433,Haryana,Letizia,Panipat,15
338,444512,3548,Andhra Pradesh,Fanny,Khammam,7
339,885173,9764,Gujarat,Florie,Bhuj,26
340,577306,9142,Andhra Pradesh,Charlena,Karimnagar,22
341,503133,5901,Andhra Pradesh,Fayre,Tirupati,6
342,627806,9620,Karnataka,Camile,Hospet,11
343,283123,4018,Karnataka,Agathe,Chikka Mandya,32
344,626198,6798,Rajasthan,Philis,Alwar,16
345,987092,8750,Mizoram,Marika,Aizawl,25
346,674314,9446,Karnataka,Hayley,Bijapur,12
347,338340,4789,Manipur,Dotty,Imphal,23
348,327694,3498,Uttar Pradesh,Mariele,Tharati Etawah,24
349,147563,8058,Karnataka,Vinita,Raichur,3
350,247601,9775,Punjab,Amara,Pathankot,18
351,837341,1331,Andhra Pradesh,Selma,Chirala,8
352,114975,7394,Haryana,Rori,Sonipat,29
353,926928,1222,Uttar Pradesh,Rochette,Mirzapur,30
354,460308,7625,Uttar Pradesh,Lacie,Hapur,26
355,946616,9023,Gujarat,Raf,Porbandar,31
356,523728,3401,Maharashtra,Giustina,Mumbai,26
357,834805,8333,Delhi,Elora,Delhi,3
358,278976,2779,Gujarat,Lolita,Ahmadabad,23
359,448160,7777,Maharashtra,Debee,Pune,2
360,750482,7772,Gujarat,Elbertina,Surat,22
361,649122,8996,Karnataka,Minda,Mysore,13
362,254161,8781,Rajasthan,Meg,Kota,2
363,157817,3747,Uttar Pradesh,Annabela,Jhansi,26
364,962016,6726,Rajasthan,Peri,Jaipur,1
365,680234,8538,Gujarat,Minda,Ghandinagar,26
366,595612,3499,West Bengal,Oralee,Haldia,2
367,252869,1170,Uttar Pradesh,Linzy,Bulandshahr,13
368,419172,1997,Bihar,Dorothy,Purnea,4
369,760226,5219,Andhra Pradesh,Raf,Proddatur,5
370,384678,3718,Haryana,Mahalia,Gurgaon,8
371,555337,5701,Maharashtra,Rayna,Khanapur,33
372,694989,6924,Andhra Pradesh,Dari,Machilipatnam,3
373,932546,3450,Haryana,Dianemarie,Bhiwani,29
374,709605,5130,Andhra Pradesh,Rhea,Nandyal,8
375,473194,4496,Maharashtra,Collen,Bhusaval,4
376,312004,9719,Uttar Pradesh,Valeda,Bharauri,29
377,569582,8149,Rajasthan,Elena,Tonk,12
378,296440,6916,Haryana,Danny,Sirsa,3
379,109496,9739,Andhra Pradesh,Laurene,Vizianagaram,13
380,469235,9575,Tamil Nadu ,Starla,Vellore,29
381,743762,5005,Kerala,Cathie,Alappuzha,11
382,368783,2825,Himachal Pradesh,Arlena,Shimla,11
383,738682,9940,Andhra Pradesh,Kathy,Hindupur,21
384,511379,9931,Maharashtra,Sarette,Mumbai,20
385,488909,2835,Delhi,Cam,Delhi,24
386,716079,7853,Gujarat,Yetty,Ahmadabad,19
387,684399,9459,Maharashtra,Elmira,Pune,28
388,921304,6021,Gujarat,Albertina,Surat,1
389,805871,5883,Karnataka,Petronia,Mysore,11
390,773123,5265,Rajasthan,Fina,Kota,30
391,795438,8226,Uttar Pradesh,Rosaline,Jhansi,4
392,506531,1338,Rajasthan,Shel,Jaipur,9
393,768017,6365,Gujarat,Nicoli,Ghandinagar,28
394,529466,5350,Assam,Leanna,Silchar,21
395,725039,5402,Haryana,Demetris,Ambala,3
396,762093,9038,West Bengal,Dale,Krishnanagar,33
397,245984,8703,Karnataka,Paule,Kolar,23
398,292482,6054,Tamil Nadu ,Layla,Kumbakonam,23
399,161624,9582,Tamil Nadu ,Christian,Tiruvannamalai,14
400,269585,1699,Uttar Pradesh,Myrtice,Pilibhit,20
401,816794,8019,Punjab,Kittie,Abohar,30
402,423850,7758,Andaman and Nicobar Islands,Ileana,Port Blair,11
403,156932,6946,West Bengal,Clary,Alipur Duar,27
404,434629,1635,Uttar Pradesh,Leona,Hatisa,23
405,356975,5796,Tamil Nadu ,Carree,Valparai,30
406,945358,9970,Bihar,Ezmeralda,Aurangabad,12
407,138914,1048,Nagaland,Jere,Kohima,28
408,913726,7414,Sikkim,Ileana,Gangtok,20
409,291769,9955,Tamil Nadu ,Kathi,Karur,7
410,752027,7733,Assam,Clo,Jorhat,2
411,912937,5830,Goa,Averyl,Panaji,27
412,453258,6861,Maharashtra,Claudina,Mumbai,6
413,139659,4618,Delhi,Kalina,Delhi,4
414,354759,8648,Gujarat,Nataline,Ahmadabad,28
415,614104,7286,Maharashtra,Jordan,Pune,12
416,835758,4539,Gujarat,Christian,Surat,24
417,104576,5925,Karnataka,Starla,Mysore,2
418,962716,7594,Rajasthan,Priscilla,Kota,15
419,796229,5976,Uttar Pradesh,Kittie,Jhansi,32
420,242586,5816,Rajasthan,Hallie,Jaipur,1
421,417743,1684,Gujarat,Gisela,Ghandinagar,20
422,820828,3458,Rajasthan,Cecile,Jaipur,13
423,700783,3216,Gujarat,Karlee,Ghandinagar,11
424,816426,9166,Haryana,Caressa,Panchkula,17
425,319570,5673,Maharashtra,Karlee,Mumbai,18
426,640939,9818,Delhi,Althea,Delhi,13
427,923387,4237,West Bengal,Mahalia,Kolkata,29
428,384243,8423,Tamil Nadu ,Dulce,Chennai,15
429,845147,8558,Karnataka,Gerrie,Bengaluru,3
430,625165,8108,Andhra Pradesh,Vanessa,Hyderabad,4
431,188686,4765,Gujarat,Sheelagh,Ahmadabad,8
432,973907,5147,West Bengal,Robbi,Haora,21
433,107785,2994,Maharashtra,Tamqrah,Pune,18
434,445451,6327,Gujarat,Malina,Surat,2
435,545993,9932,Uttar Pradesh,Netty,Mardanpur,27
436,709280,2910,Rajasthan,Melisent,Rampura,20
437,156203,3346,Uttar Pradesh,Elena,Lucknow,7
438,853902,1882,Maharashtra,Charmaine,Nara,22
439,396765,3752,Bihar,Nyssa,Patna,31
440,716697,9199,Madhya Pradesh,Dulcinea,Indore,1
441,795478,5938,Gujarat,Farrah,Vadodara,26
442,721204,8898,Madhya Pradesh,Noelle,Bhopal,17
443,722520,2580,Tamil Nadu ,Regina,Coimbatore,28
444,151049,1125,Punjab,Olwen,Ludhiana,24
445,841616,9583,Uttar Pradesh,Sherrie,agra,26
446,782220,6541,Maharashtra,Nikki,Kalyan,1
447,774044,7541,Andhra Pradesh,Elena,Vishakhapatnam,23
448,401897,7863,Kerala,Britte,Kochi,20
449,777469,4889,Maharashtra,Luci,Nasik,9
450,617337,2339,Uttar Pradesh,Dotty,Meerut,18
451,131321,1610,Haryana,Lucille,Faridabad,3
452,746824,2641,Uttar Pradesh,Feliza,Varanasi,30
453,258541,7542,Uttar Pradesh,Misha,Ghaziabad,6
454,301901,6371,Maharashtra,Edith,Mumbai,10
455,772026,6445,Delhi,Maryellen,Delhi,18
456,675367,8793,Gujarat,Ivett,Ahmadabad,6
457,422865,1157,Maharashtra,Maisey,Pune,2
458,814601,7112,Gujarat,Charissa,Surat,24
459,333016,7221,Karnataka,Catharine,Mysore,16
460,682875,9366,Rajasthan,Almeta,Kota,4
461,353865,7549,Uttar Pradesh,Hayley,Jhansi,6
462,762526,7445,Rajasthan,Florie,Jaipur,4
463,117331,8113,Gujarat,Ketti,Ghandinagar,13
464,622272,3151,Maharashtra,Letizia,Aurangabad,28
465,500250,7342,Chhattisgarh,Dawn,Bhilai,9
466,629155,3334,Maharashtra,Cristine,Solapur,12
467,119765,3192,Jharkhand,Micheline,Ranchi,8
468,283906,4172,Rajasthan,Amalie,Jodhpur,7
469,416426,1654,Assam,Meg,Guwahati,12
470,660142,5723,Chandigarh,Vita,Chandigarh,31
471,445217,4823,Madhya Pradesh,Ayn,Gwalior,12
472,293182,1156,Kerala,Lucy,Thiruvananthapuram,26
473,602231,8279,Tamil Nadu ,Linet,Tiruchchirappalli,14
474,123120,1227,Karnataka,Charmaine,Hubli,28
475,968195,9706,Karnataka,Katleen,Mysore,23
476,650971,9305,Chhattisgarh,Molli,Raipur,30
477,558891,7227,Tamil Nadu ,Therine,Salem,8
478,471084,2471,Odisha,Danika,Bhubaneshwar,33
479,634124,7424,Rajasthan,Vanessa,Kota,15
480,260881,5399,Uttar Pradesh,Abbie,Jhansi,12
481,971686,1382,Uttar Pradesh,Maud,Bareilly,5
482,185377,6495,Uttar Pradesh,Mamie,Aligarh,10
483,345856,8412,Maharashtra,Michaelina,Bhiwandi,1
484,560346,2071,Jammu and Kashmir,Siana,Jammu,24
485,660262,3119,Uttar Pradesh,Doralynne,Moradabad,30
486,323380,1651,Karnataka,Sashenka,Mangalore,13
487,750052,9175,Maharashtra,Melina,Kolhapur,26
488,551916,9711,Maharashtra,Angela,Amravati,18
489,352935,4602,Uttarakhand,Oona,Dehra Dun,9
490,194916,6275,Maharashtra,Stephanie,Malegaon Camp,25
491,192873,2375,Andhra Pradesh,Celisse,Nellore,28
492,360782,3538,Uttar Pradesh,Bobinette,Gopalpur,31
493,838212,8572,Karnataka,Cathyleen,Shimoga,14
494,211615,3417,Tamil Nadu ,Elvira,Tiruppur,30
495,323165,4541,Odisha,Deane,Raurkela,28
496,973862,8495,Maharashtra,Dawn,Mumbai,5
497,963675,4165,Delhi,Dulcinea,Delhi,21
498,435547,3352,Gujarat,Tybie,Ahmadabad,15
499,110525,9847,Maharashtra,Shel,Pune,25
500,752470,5078,Gujarat,Ebonee,Surat,21
501,471163,4233,Karnataka,Lynnea,Mysore,24
502,776070,2496,Rajasthan,Elise,Kota,23
503,131826,4392,Uttar Pradesh,Georgetta,Jhansi,28
504,262160,9339,Rajasthan,Kylynn,Jaipur,28
505,825129,7182,Gujarat,Candi,Ghandinagar,27
506,764134,4120,Tamil Nadu ,Georgetta,Tirunelveli,5
507,269038,9709,Andhra Pradesh,Andeee,Guntur,24
508,558312,2020,West Bengal,Max,Shiliguri,28
509,930000,1248,Madhya Pradesh,Grier,Ujjain,16
510,882960,5811,Karnataka,Nita,Davangere,14
511,811393,3856,Maharashtra,Lulita,Akola,18
512,251733,3145,Uttar Pradesh,Jacenta,Saharanpur,11
513,998442,4366,Karnataka,Alyda,Gulbarga,27
514,445550,1506,West Bengal,Romona,Bhatpara,22
515,335231,4158,Maharashtra,Jordan,Dhulia,33
516,683360,4532,Rajasthan,Debee,Udaipur,22
517,995682,7054,Karnataka,Annice,Bellary,31
518,696512,6773,Tamil Nadu ,Jenda,Tuticorin,15
519,627429,2941,Andhra Pradesh,Jordan,Kurnool,8
520,536808,2441,Bihar,Andree,Gaya,9
521,539919,3178,Rajasthan,Cecile,Sikar,24
522,230547,4711,Karnataka,Konstance,Tumkur,12
523,479916,9415,Kerala,Allis,Kollam,27
524,321111,4637,Maharashtra,Mallory,Ahmadnagar,3
525,747540,6674,Rajasthan,Janis,Bhilwara,2
526,556429,9198,Andhra Pradesh,Clo,Nizamabad,19
527,280690,9986,Maharashtra,Gabriellia,Parbhani,20
528,783241,5291,Meghalaya,Sindee,Shillong,21
529,771329,4016,Maharashtra,Dolli,Latur,30
530,172672,3632,Tamil Nadu ,Quintina,Rajapalaiyam,5
531,445001,8904,Bihar,Arlina,Bhagalpur,11
532,462650,9577,Uttar Pradesh,Jere,Muzaffarnagar,28
533,412274,3161,Bihar,Chere,Muzaffarpur,24
534,515622,2197,Uttar Pradesh,Max,Mathura,18
535,733329,6461,Punjab,Leontine,Patiala,28
536,262285,4943,Madhya Pradesh,Kylynn,Saugor,1
537,802818,3094,Odisha,Rhea,Brahmapur,1
538,373266,6416,Uttar Pradesh,Madalyn,Shahbazpur,29
539,376285,9169,Delhi,Alameda,New Delhi,14
540,411605,9030,Haryana,Flo,Rohtak,27
541,428073,6846,Odisha,June,Samlaipadar,1
542,181659,7727,Madhya Pradesh,Flo,Ratlam,27
543,710384,1838,Uttar Pradesh,Margalo,Firozabad,27
544,238370,9274,Andhra Pradesh,Joleen,Rajahmundry,25
545,811181,3396,West Bengal,Sarette,Barddhaman,27
546,551895,4674,Karnataka,Trixi,Bidar,13
547,572962,3110,Uttar Pradesh,Lily,Bamanpuri,33
548,963494,4573,Andhra Pradesh,Kimberley,Kakinada,22
549,463112,2818,Haryana,Robinia,Panipat,27
550,945706,5314,Andhra Pradesh,Corly,Khammam,4
551,632511,1773,Gujarat,Tersina,Bhuj,14
552,236798,9951,Maharashtra,Sharlene,Mumbai,23
553,941678,7821,Delhi,Harrietta,Delhi,30
554,438645,2160,Gujarat,Fanchon,Ahmadabad,10
555,889213,4251,Maharashtra,Elvira,Pune,1
556,300716,6269,Gujarat,Cristine,Surat,26
557,212572,8459,Karnataka,Mureil,Mysore,9
558,484669,8096,Rajasthan,Doro,Kota,1
559,824363,1214,Uttar Pradesh,Halette,Jhansi,19
560,947821,8319,Rajasthan,Sarette,Jaipur,11
561,589211,9211,Gujarat,Renie,Ghandinagar,24
562,639082,3056,Punjab,Sabina,Pathankot,29
563,959872,5446,Andhra Pradesh,Aeriela,Chirala,32
564,666616,8075,Haryana,Renie,Sonipat,30
565,569248,3422,Uttar Pradesh,Suzette,Mirzapur,24
566,878795,7812,Uttar Pradesh,Devina,Hapur,27
567,415111,1631,Gujarat,Janey,Porbandar,19
568,693037,3546,Rajasthan,Jere,Bharatpur,24
569,140241,2671,Puducherry,Ardys,Puducherry,25
570,302426,2852,Haryana,Marcelline,Karnal,19
571,780817,6251,Tamil Nadu ,Kittie,Nagercoil,14
572,953841,4884,Tamil Nadu ,Misha,Thanjavur,10
573,918302,4044,Rajasthan,Isa,Pali,5
574,569209,9461,Tripura,Calla,Agartala,23
575,336103,4912,Andhra Pradesh,Christal,Ongole,8
576,861616,3762,Odisha,Gertrud,Puri,10
577,198543,2095,Tamil Nadu ,Sallie,Dindigul,27
578,239453,1477,West Bengal,Cyndie,Haldia,6
579,343829,6680,Uttar Pradesh,Cherrita,Bulandshahr,31
580,606493,7508,Bihar,Kimberley,Purnea,14
581,757831,2497,Andhra Pradesh,Florie,Proddatur,22
582,747101,3828,Haryana,Gabi,Gurgaon,15
583,468958,3501,Maharashtra,Monika,Khanapur,5
584,806372,7632,Andhra Pradesh,Charlena,Machilipatnam,11
585,974465,3362,Haryana,Donetta,Bhiwani,29
586,139606,1233,Andhra Pradesh,Kerrin,Nandyal,27
587,137474,3000,Maharashtra,Liana,Bhusaval,16
588,645781,1092,Uttar Pradesh,Lily,Bharauri,21
589,642354,6046,Rajasthan,Bobinette,Tonk,18
590,401448,2675,Haryana,Donetta,Sirsa,1
591,375566,5510,Andhra Pradesh,Shaylyn,Vizianagaram,11
592,770178,8719,Tamil Nadu ,Cathyleen,Vellore,8
593,590419,8992,Kerala,Blake,Alappuzha,13
594,435963,1173,Maharashtra,Lonnie,Mumbai,10
595,202023,2260,Delhi,Benita,Delhi,12
596,885129,4111,Gujarat,Bee,Ahmadabad,18
597,474714,9434,Maharashtra,Cyndie,Pune,4
598,396277,1669,Gujarat,Tersina,Surat,20
599,349829,6651,Karnataka,Hollie,Mysore,19
600,681007,9074,Rajasthan,Leeanne,Kota,31
601,446614,1871,Uttar Pradesh,Babita,Jhansi,22
602,547263,9514,Rajasthan,Lisette,Jaipur,15
603,483146,7591,Gujarat,Katleen,Ghandinagar,10
604,977582,2791,Tamil Nadu ,Viki,Krishnapuram,2
605,877352,4896,Uttar Pradesh,Edyth,Fyzabad,20
606,195291,2204,Assam,Danny,Silchar,2
607,767776,8609,Haryana,Lanna,Ambala,31
608,303559,8106,West Bengal,Corene,Krishnanagar,9
609,517266,4308,Karnataka,Arabel,Kolar,16
610,962141,5197,Tamil Nadu ,Gale,Kumbakonam,22
611,689652,7861,Tamil Nadu ,Frieda,Tiruvannamalai,5
612,453013,1702,Uttar Pradesh,Marinna,Pilibhit,28
613,769947,5138,Punjab,Barbi,Abohar,12
614,781803,6221,Andaman and Nicobar Islands,Amii,Port Blair,8
615,828248,5156,West Bengal,Alyda,Alipur Duar,25
616,474614,3374,Uttar Pradesh,Daryl,Hatisa,23
617,794504,7264,Tamil Nadu ,Fanny,Valparai,4
618,638159,2235,Bihar,Vanessa,Aurangabad,8
619,307789,9011,Nagaland,Ann-Marie,Kohima,7
620,420265,3467,Sikkim,Donnie,Gangtok,29
621,126298,9921,Tamil Nadu ,Bettine,Karur,24
622,859758,2009,Assam,Lauryn,Jorhat,28
623,682257,6580,Goa,Lolita,Panaji,2
624,636685,3903,Jammu and Kashmir,Deloria,Saidpur,14
625,798795,7613,Assam,Modestia,Tezpur,24
626,481923,2821,Arunachal Pradesh,Camile,Itanagar,9
627,401333,5512,Daman and Diu,Leanna,Daman,8
628,511978,7561,Dadra and Nagar Haveli,Shaine,Silvassa,28
629,126940,8272,Daman and Diu,Corly,Diu,9
630,189562,8677,Assam,Marita,Dispur,5
631,787620,7250,Lakshadweep,Marita,Kavaratti,32
632,547615,2460,Kerala,Norine,Calicut,5
633,680951,2511,Andhra Pradesh,Leanna,Kagaznagar,14
634,340831,1779,Rajasthan,Lita,Jaipur,26
635,480880,9487,Gujarat,Dominga,Ghandinagar,7
636,428910,2659,Maharashtra,Karena,Mumbai,8
637,226310,5500,Delhi,Antonietta,Delhi,1
638,476092,2649,Gujarat,Wendi,Ahmadabad,23
639,896841,2032,Maharashtra,Elbertina,Pune,2
640,869867,2553,Gujarat,Darci,Surat,14
641,920376,9069,Karnataka,Verla,Mysore,21
642,996822,8205,Rajasthan,Gilligan,Kota,30
643,592070,1350,Uttar Pradesh,Brynna,Jhansi,33
644,718582,2645,Rajasthan,Gabi,Jaipur,11
645,626120,4458,Gujarat,Helsa,Ghandinagar,25
646,618378,9489,Gujarat,Grier,Surat,24
647,157979,3810,Uttar Pradesh,Max,Mardanpur,30
648,774223,3596,Rajasthan,Vere,Rampura,13
649,583369,5122,Uttar Pradesh,Cherrita,Lucknow,19
650,451500,1660,Maharashtra,Blake,Nara,7
651,559562,5647,Bihar,Keelia,Patna,16
652,183709,1469,Madhya Pradesh,Priscilla,Indore,5
653,635626,5722,Gujarat,Gertrud,Vadodara,19
654,366151,8863,Madhya Pradesh,Agathe,Bhopal,13
655,589723,1648,Tamil Nadu ,Hallie,Coimbatore,12
656,505566,5272,Punjab,Alyssa,Ludhiana,27
657,826818,6675,Uttar Pradesh,Philis,agra,29
658,332259,1203,Maharashtra,Morganica,Kalyan,3
659,542843,7908,Andhra Pradesh,Ann-Marie,Vishakhapatnam,10
660,682350,9709,Kerala,Phylis,Kochi,18
661,750395,5502,Maharashtra,Alejandra,Nasik,31
662,352752,7767,Uttar Pradesh,Ileana,Meerut,12
663,109310,2354,Haryana,Moyna,Faridabad,21
664,819463,3752,Maharashtra,Kirbee,Mumbai,15
665,170241,8851,Delhi,Stevana,Delhi,27
666,487690,5511,Gujarat,Margalo,Ahmadabad,32
667,675157,5264,Maharashtra,Gavrielle,Pune,1
668,745813,2274,Gujarat,Barbara,Surat,5
669,492606,6522,Karnataka,Brianna,Mysore,17
670,705692,4653,Rajasthan,Claudina,Kota,18
671,805593,2882,Uttar Pradesh,Claresta,Jhansi,17
672,690997,7748,Rajasthan,Bettine,Jaipur,33
673,505325,3924,Gujarat,Sophia,Ghandinagar,15
674,405540,6687,Uttar Pradesh,Layla,Allahabad,13
675,739794,1340,Jammu and Kashmir,Starla,Srinagar,32
676,373717,8509,Maharashtra,Lonnie,Aurangabad,32
677,918667,1600,Chhattisgarh,Helsa,Bhilai,31
678,155288,3729,Maharashtra,Minda,Solapur,19
679,620789,2109,Jharkhand,Justinn,Ranchi,32
680,109644,9303,Rajasthan,Jenilee,Jodhpur,12
681,876923,4191,Assam,Elvira,Guwahati,14
682,601428,4550,Chandigarh,Sissy,Chandigarh,3
683,691014,8456,Madhya Pradesh,Wileen,Gwalior,25
684,725695,1063,Kerala,Linet,Thiruvananthapuram,17
685,890975,9219,Tamil Nadu ,Bee,Tiruchchirappalli,12
686,358965,1739,Karnataka,Elmira,Hubli,9
687,199353,9383,Karnataka,Blondelle,Mysore,16
688,184090,7519,Chhattisgarh,Korrie,Raipur,11
689,605125,9536,Tamil Nadu ,Robinia,Salem,9
690,645404,2830,Odisha,Gabriellia,Bhubaneshwar,30
691,258554,6968,Rajasthan,Alie,Kota,23
692,257097,3185,Maharashtra,Phylis,Mumbai,10
693,433405,8512,Delhi,Deirdre,Delhi,31
694,362262,6650,Gujarat,Fina,Ahmadabad,19
695,544751,9789,Maharashtra,Fina,Pune,29
696,129810,9005,Gujarat,Gilligan,Surat,27
697,720348,6216,Karnataka,Paola,Mysore,21
698,232919,7066,Rajasthan,Constance,Kota,33
699,781217,2930,Uttar Pradesh,Robinia,Jhansi,14
700,276182,5601,Rajasthan,Danny,Jaipur,24
701,719056,2508,Gujarat,Beth,Ghandinagar,26
702,853452,4383,Maharashtra,Liana,Malegaon Camp,1
703,911739,9144,Andhra Pradesh,Di,Nellore,21
704,142371,2113,Uttar Pradesh,Nita,Gopalpur,9
705,907538,5560,Karnataka,Helena,Shimoga,32
706,986355,4760,Tamil Nadu ,Nataline,Tiruppur,22
707,509896,8708,Odisha,Orelia,Raurkela,30
708,855058,2997,Maharashtra,Alexine,Nanded,20
709,936680,3717,Karnataka,Magdalena,Belgaum,24
710,467151,8204,Maharashtra,Edyth,Sangli,17
711,568481,3562,Maharashtra,Anallese,Chanda,22
712,858577,6009,Rajasthan,Clo,Ajmer,15
713,301454,8245,Odisha,Malina,Cuttack,14
714,667614,3376,Rajasthan,Corina,Bikaner,6
715,271731,9352,Gujarat,Lucille,Bhavnagar,9
716,853361,1974,Haryana,Ileana,Hisar,1
717,773531,4648,Chhattisgarh,Talya,Bilaspur,3
718,952470,2448,Tamil Nadu ,Valera,Tirunelveli,12
719,555249,5999,Andhra Pradesh,Mariann,Guntur,23
720,667990,8232,Maharashtra,Dania,Mumbai,22
721,782694,8365,Delhi,Ada,Delhi,2
722,719188,8001,Gujarat,Peri,Ahmadabad,31
723,645640,3811,Maharashtra,Elora,Pune,17
724,512806,3708,Gujarat,Ayn,Surat,7
725,179126,8069,Karnataka,Dorene,Mysore,23
726,760534,4818,Rajasthan,Grier,Kota,11
727,754523,1765,Uttar Pradesh,Jennica,Jhansi,17
728,722640,2623,Rajasthan,Shaylyn,Jaipur,10
729,506926,4594,Gujarat,Mellicent,Ghandinagar,22
730,818011,4281,Tamil Nadu ,Fayre,Tuticorin,29
731,895393,2265,Andhra Pradesh,Ashlee,Kurnool,6
732,145096,9437,Bihar,Merry,Gaya,2
733,179288,6240,Rajasthan,Eugine,Sikar,29
734,894550,3217,Karnataka,Dione,Tumkur,24
735,480029,2447,Kerala,Lory,Kollam,19
736,711901,8348,Maharashtra,Trixi,Ahmadnagar,31
737,876132,3291,Rajasthan,Britni,Bhilwara,16
738,762820,3817,Andhra Pradesh,Rubie,Nizamabad,33
739,759567,4358,Maharashtra,Ericka,Parbhani,14
740,116855,1963,Meghalaya,Berget,Shillong,27
741,288052,7226,Maharashtra,Livvyy,Latur,8
742,305122,1999,Tamil Nadu ,Jaclyn,Rajapalaiyam,27
743,458777,8017,Bihar,Dotty,Bhagalpur,26
744,363345,9345,Uttar Pradesh,Tera,Muzaffarnagar,28
745,709596,3415,Bihar,Lily,Muzaffarpur,29
746,437029,9053,Uttar Pradesh,Jemie,Mathura,18
747,133481,9180,Punjab,Eadie,Patiala,13
748,752473,4602,Maharashtra,Aurore,Mumbai,24
749,532078,2384,Delhi,Oralee,Delhi,31
750,514913,6385,Gujarat,Jorry,Ahmadabad,13
751,518601,9514,Maharashtra,Phylis,Pune,29
752,472575,4862,Gujarat,Lucy,Surat,19
753,972862,4779,Karnataka,Karly,Mysore,33
754,909393,4728,Rajasthan,Helena,Kota,20
755,877079,2673,Uttar Pradesh,Emilia,Jhansi,32
756,758494,1588,Rajasthan,Glynnis,Jaipur,2
757,513116,1993,Gujarat,Anthia,Ghandinagar,14
758,103315,7949,Karnataka,Molli,Bidar,31
759,426013,6842,Uttar Pradesh,Chrystel,Bamanpuri,23
760,150484,6567,Andhra Pradesh,Antonietta,Kakinada,22
761,446549,7868,Haryana,Jaclyn,Panipat,30
762,260429,5724,Andhra Pradesh,Andeee,Khammam,28
763,120944,3349,Gujarat,Farrah,Bhuj,30
764,292090,5587,Andhra Pradesh,Sean,Karimnagar,12
765,237570,7392,Andhra Pradesh,Riannon,Tirupati,8
766,109978,2444,Karnataka,Modestia,Hospet,15
767,435536,5153,Karnataka,Janeczka,Chikka Mandya,25
768,871061,6279,Rajasthan,Clementine,Alwar,11
769,934571,8721,Mizoram,Antonietta,Aizawl,29
770,314242,5212,Karnataka,Sheelagh,Bijapur,17
771,682323,4186,Manipur,Hollie,Imphal,1
772,108585,2027,Uttar Pradesh,Deane,Tharati Etawah,25
773,966828,5413,Karnataka,Tabbatha,Raichur,22
774,575789,4286,Punjab,Celene,Pathankot,5
775,498363,5894,Andhra Pradesh,Kathi,Chirala,2
776,731342,5997,Maharashtra,Jessamyn,Mumbai,18
777,785782,3095,Delhi,Tani,Delhi,20
778,490295,1597,Gujarat,Donnie,Ahmadabad,16
779,387848,6457,Maharashtra,Claudina,Pune,10
780,941564,4420,Gujarat,Yvonne,Surat,3
781,775078,5076,Karnataka,Cassandra,Mysore,26
782,217628,7459,Rajasthan,Lauryn,Kota,11
783,145091,8174,Uttar Pradesh,Damaris,Jhansi,33
784,752940,3701,Rajasthan,Lory,Jaipur,33
785,639013,5062,Gujarat,Sonni,Ghandinagar,33
786,509982,9089,Tripura,Dale,Agartala,16
787,448824,3469,Andhra Pradesh,Kalina,Ongole,11
788,134977,1318,Odisha,Robinia,Puri,25
789,689530,9885,Tamil Nadu ,Asia,Dindigul,25
790,767749,1417,West Bengal,Merrie,Haldia,22
791,368019,7070,Uttar Pradesh,Rozele,Bulandshahr,23
792,559376,5179,Bihar,Britte,Purnea,30
793,252498,8958,Andhra Pradesh,Carlie,Proddatur,11
794,390949,2598,Haryana,Joeann,Gurgaon,25
795,673551,3840,Maharashtra,Ebonee,Khanapur,6
796,918174,1602,Andhra Pradesh,Bill,Machilipatnam,29
797,743912,4280,Haryana,Annice,Bhiwani,31
798,122737,2479,Andhra Pradesh,Aigneis,Nandyal,10
799,187738,4644,Maharashtra,Anica,Bhusaval,12
800,140501,2865,Uttar Pradesh,Sashenka,Bharauri,30
801,704960,8869,Rajasthan,Jessy,Tonk,13
802,608083,3568,Haryana,Ardys,Sirsa,17
803,207200,7966,Andhra Pradesh,Dorene,Vizianagaram,3
804,546913,9519,Tamil Nadu ,Jenilee,Vellore,27
805,768897,9765,Kerala,Carlie,Alappuzha,18
806,135931,8453,Himachal Pradesh,Cecile,Shimla,31
807,688701,8436,Andhra Pradesh,Lexine,Hindupur,32
808,360342,4528,Jammu and Kashmir,Carolina,Baramula,13
809,138489,9924,Uttar Pradesh,Priscilla,Bakshpur,3
810,428845,9649,Assam,Augustine,Dibrugarh,9
811,558877,8933,Uttar Pradesh,Cyndie,Saidapur,3
812,838804,8364,Gujarat,Valeda,Navsari,2
813,141924,2541,Uttar Pradesh,Nerta,Budaun,6
814,978551,6108,Tamil Nadu ,Rochette,Cuddalore,33
815,595041,6166,Punjab,Amalie,Haripur,30
816,234921,9723,Tamil Nadu ,Bibby,Krishnapuram,19
817,486129,4507,Uttar Pradesh,Sindee,Fyzabad,32
818,559298,4309,Maharashtra,Rosabelle,Mumbai,21
819,204458,6635,Delhi,Therine,Delhi,11
820,694166,1135,Gujarat,Flo,Ahmadabad,8
821,431195,6824,Maharashtra,Lauryn,Pune,17
822,708337,1070,Gujarat,Renae,Surat,2
823,980342,2556,Karnataka,Dode,Mysore,18
824,357494,6606,Rajasthan,Halette,Kota,24
825,903519,3055,Uttar Pradesh,Angela,Jhansi,3
826,921838,3840,Rajasthan,Doro,Jaipur,18
827,736309,3872,Gujarat,Meriel,Ghandinagar,32
828,542404,6960,Uttar Pradesh,Vita,Hatisa,19
829,194569,9933,Tamil Nadu ,Tabbatha,Valparai,15
830,757528,7437,Bihar,Mady,Aurangabad,29
831,624155,9941,Nagaland,Janey,Kohima,18
832,438672,8814,Sikkim,Meg,Gangtok,16
833,317149,9411,Tamil Nadu ,Susette,Karur,26
834,294534,1778,Assam,Deedee,Jorhat,13
835,563492,2425,Goa,Deane,Panaji,2
836,759947,6335,Jammu and Kashmir,Flo,Saidpur,21
837,953027,3926,Assam,Tersina,Tezpur,33
838,933223,3297,Arunachal Pradesh,Carree,Itanagar,25
839,524347,2577,Daman and Diu,Eugine,Daman,26
840,700182,1908,Dadra and Nagar Haveli,Starla,Silvassa,16
841,346219,4566,Daman and Diu,Flo,Diu,33
842,483811,2208,Assam,Kristina,Dispur,4
843,976559,9193,Lakshadweep,Lesly,Kavaratti,28
844,943002,3962,Kerala,Jordan,Calicut,15
845,524912,9567,Andhra Pradesh,Wilma,Kagaznagar,4
846,554182,5276,Rajasthan,Cassandra,Jaipur,2
847,903319,2785,Gujarat,Gale,Ghandinagar,5
848,514042,6344,Maharashtra,Steffane,Mumbai,28
849,298523,1030,Delhi,Mahalia,Delhi,33
850,498748,1454,Gujarat,Lanna,Ahmadabad,10
851,423241,4289,Maharashtra,Marnia,Pune,24
852,393714,7351,Gujarat,Therine,Surat,5
853,385593,2306,Karnataka,Elie,Mysore,32
854,968674,2502,Rajasthan,Brana,Kota,32
855,620688,5866,Uttar Pradesh,Renae,Jhansi,18
856,688628,7898,Rajasthan,Daphne,Jaipur,1
857,922703,6121,Gujarat,Valera,Ghandinagar,1
858,770913,5307,Maharashtra,Trixi,Mumbai,9
859,608452,5682,Delhi,Jeanna,Delhi,3
860,217432,5912,Gujarat,Pollyanna,Ahmadabad,28
861,269913,1373,Maharashtra,Mildrid,Pune,23
862,438341,8462,Gujarat,Beatriz,Surat,24
863,717916,3388,Karnataka,Siana,Mysore,23
864,970636,2199,Rajasthan,Robinia,Kota,32
865,680330,9890,Uttar Pradesh,Leanna,Jhansi,27
866,901458,5729,Rajasthan,Alexine,Jaipur,2
867,618705,5649,Gujarat,Shaine,Ghandinagar,16
868,176660,8269,Maharashtra,Vita,Mumbai,23
869,604607,9801,Delhi,Josephine,Delhi,7
870,521436,4162,Maharashtra,Ninnetta,Mumbai,27
871,327275,9785,Delhi,Sam,Delhi,13
872,671816,3943,Gujarat,Emilia,Ahmadabad,6
873,121189,3813,Maharashtra,Laure,Pune,1
874,949908,2201,Gujarat,Suzette,Surat,12
875,298366,2354,Karnataka,Merle,Mysore,25
876,963815,5267,Rajasthan,Melisent,Kota,21
877,260215,3174,Uttar Pradesh,Annecorinne,Jhansi,15
878,346004,5175,Rajasthan,Jerry,Jaipur,33
879,182481,4350,Gujarat,Elie,Ghandinagar,8
880,663100,8302,Maharashtra,Harmonia,Mumbai,32
881,975789,3920,Delhi,Britni,Delhi,18
882,814373,3106,Gujarat,Gale,Ahmadabad,6
883,552641,2420,Maharashtra,Lolita,Pune,15
884,898606,6167,Gujarat,Sheree,Surat,28
885,581385,1028,Karnataka,Miquela,Mysore,4
886,570804,8561,Rajasthan,Emilia,Kota,32
887,466690,1209,Uttar Pradesh,Cathyleen,Jhansi,14
888,427067,6529,Rajasthan,Damaris,Jaipur,30
889,207893,4217,Gujarat,Cecile,Ghandinagar,5
890,600708,1648,Maharashtra,Valera,Mumbai,24
891,788216,1436,Delhi,Genevra,Delhi,3
892,479518,8707,Maharashtra,Merci,Mumbai,27
893,677434,7595,Delhi,Aigneis,Delhi,16
894,995055,9745,Gujarat,Morganica,Ahmadabad,11
895,909057,9348,Maharashtra,Kara-Lynn,Pune,9
896,970472,9302,Gujarat,Nicoli,Surat,15
897,750813,8478,Karnataka,Sadie,Mysore,10
898,464529,8867,Rajasthan,Bettine,Kota,24
899,949110,9235,Uttar Pradesh,Kathy,Jhansi,17
900,707248,8408,Rajasthan,Magdalena,Jaipur,14
901,323848,3342,Gujarat,Dulcinea,Ghandinagar,21
902,771092,6301,Maharashtra,Tersina,Mumbai,23
903,634001,6267,Delhi,Britni,Delhi,29
904,369234,1555,Gujarat,Chandra,Ahmadabad,16
905,960356,2999,Maharashtra,Perry,Pune,16
906,981851,5428,Gujarat,Yvonne,Surat,17
907,230629,6952,Karnataka,Ilse,Mysore,31
908,788629,2922,Rajasthan,Babita,Kota,32
909,581740,2020,Uttar Pradesh,Trixi,Jhansi,12
910,261627,4099,Rajasthan,Averyl,Jaipur,14
911,893450,3902,Gujarat,Babita,Ghandinagar,16
912,194087,1599,Maharashtra,Mignon,Mumbai,18
913,420080,3143,Delhi,Frank,Delhi,4
914,950474,8986,Maharashtra,Elfreda,Mumbai,11
915,589488,5526,Delhi,Carmencita,Delhi,5
916,794836,4810,Gujarat,Gusty,Ahmadabad,27
917,303682,2249,Maharashtra,Sean,Pune,8
918,863261,7794,Gujarat,Carol-Jean,Surat,8
919,845627,5962,Karnataka,Tarra,Mysore,21
920,644257,8850,Rajasthan,Beth,Kota,6
921,786332,5769,Uttar Pradesh,Jillayne,Jhansi,24
922,801364,2503,Rajasthan,Oralee,Jaipur,11
923,138335,1226,Gujarat,Olivette,Ghandinagar,10
924,434814,7940,Maharashtra,Sam,Mumbai,1
925,836015,5055,Delhi,Magdalena,Delhi,28
926,295026,7292,Gujarat,Tabbatha,Ahmadabad,21
927,736897,6203,Maharashtra,Shauna,Pune,3
928,811808,3273,Gujarat,June,Surat,33
929,656561,3064,Karnataka,Aimil,Mysore,15
930,960080,2794,Rajasthan,Gusella,Kota,16
931,423721,9148,Uttar Pradesh,Ira,Jhansi,27
932,266992,9584,Rajasthan,Nikki,Jaipur,30
933,465392,1185,Gujarat,Giustina,Ghandinagar,29
934,230410,5252,Maharashtra,Jacquetta,Mumbai,13
935,332623,2966,Delhi,Mara,Delhi,3
936,577331,1462,Maharashtra,Jacenta,Mumbai,26
937,642281,6663,Delhi,Carree,Delhi,1
938,383686,5281,Gujarat,Alex,Ahmadabad,10
939,439529,4707,Maharashtra,Inga,Pune,15
940,308685,2910,Gujarat,Tierney,Surat,19
941,296289,5400,Karnataka,Rivalee,Mysore,7
942,673323,5410,Rajasthan,Heddie,Kota,10
943,794971,7724,Uttar Pradesh,Romona,Jhansi,26
944,553479,5962,Rajasthan,Meriel,Jaipur,7
945,761565,4743,Gujarat,Eolanda,Ghandinagar,33
946,291070,7085,Maharashtra,Kimmy,Mumbai,15
947,561993,9299,Delhi,Etta,Delhi,23
948,964639,2067,Gujarat,Sybille,Ahmadabad,15
949,868102,4080,Maharashtra,Marita,Pune,8
950,237518,6413,Gujarat,Rochette,Surat,13
951,833381,6350,Karnataka,Kary,Mysore,10
952,476709,2540,Rajasthan,Joeann,Kota,6
953,700538,6541,Uttar Pradesh,Sharlene,Jhansi,18
954,558980,8084,Rajasthan,Adriana,Jaipur,27
955,385227,7116,Gujarat,Chandra,Ghandinagar,15
956,681216,1945,Maharashtra,Katuscha,Mumbai,16
957,830047,5708,Delhi,Katleen,Delhi,1
958,809770,2666,Maharashtra,Celene,Mumbai,29
959,702856,5770,Delhi,Janey,Delhi,20
960,501244,8996,Gujarat,Zia,Ahmadabad,20
961,845580,7413,Maharashtra,Tami,Pune,19
962,666702,2225,Gujarat,Collen,Surat,33
963,634860,2117,Karnataka,Mallory,Mysore,2
964,363536,5505,Rajasthan,Jan,Kota,16
965,250203,1368,Uttar Pradesh,Berta,Jhansi,2
966,261747,7135,Rajasthan,Emmey,Jaipur,9
967,940419,7431,Gujarat,Wileen,Ghandinagar,9
968,325113,1191,Maharashtra,Nikki,Mumbai,16
969,847325,3112,Delhi,Gisela,Delhi,15
970,361521,9829,Gujarat,Jan,Ahmadabad,12
971,843733,7501,Maharashtra,Inga,Pune,28
972,997614,3353,Gujarat,Sallie,Surat,33
973,277692,4442,Karnataka,Leontine,Mysore,23
974,144421,2685,Rajasthan,Lila,Kota,13
975,510159,4664,Uttar Pradesh,Natka,Jhansi,19
976,626766,7362,Rajasthan,Drucie,Jaipur,24
977,405337,8462,Gujarat,Janis,Ghandinagar,33
978,309177,9634,Maharashtra,Consuela,Mumbai,26
979,636869,2922,Delhi,Sybille,Delhi,23
980,626516,3635,Maharashtra,Ninnetta,Mumbai,4
981,155678,5646,Delhi,Glynnis,Delhi,9
982,876398,7503,Gujarat,Eadie,Ahmadabad,9
983,230823,3694,Maharashtra,Sabina,Pune,1
984,327713,8484,Gujarat,Elyssa,Surat,21
985,889928,9980,Karnataka,Brana,Mysore,25
986,170188,5843,Rajasthan,Althea,Kota,28
987,823669,2102,Uttar Pradesh,Aeriela,Jhansi,6
988,214847,5190,Rajasthan,Bibby,Jaipur,21
989,562848,8036,Gujarat,Odessa,Ghandinagar,14
990,203548,5996,Maharashtra,Miquela,Mumbai,27
991,223323,1712,Delhi,Charmaine,Delhi,21
992,357808,2873,Gujarat,Rosaline,Ahmadabad,27
993,434053,9336,Maharashtra,Veda,Pune,22
994,396584,3264,Gujarat,Janis,Surat,17
995,543923,8903,Karnataka,Carolina,Mysore,25
996,789485,6607,Rajasthan,Tiffie,Kota,6
997,279475,8338,Uttar Pradesh,Genevra,Jhansi,14
998,662615,7782,Rajasthan,Dulcinea,Jaipur,14
999,347722,9506,Gujarat,Merry,Ghandinagar,28
1000,201962,6087,Maharashtra,Gretal,Mumbai,9
